I,0,I:java/io/ObjectStreamConstants.baseWireHandle,8257536,,,,
E,10,I:java/io/ObjectStreamConstants.PROTOCOL_VERSION_1,1,Java.IO.ObjectStreamProtocol,Version1,remove,
E,10,I:java/io/ObjectStreamConstants.PROTOCOL_VERSION_2,2,Java.IO.ObjectStreamProtocol,Version2,remove,
E,26,I:java/lang/invoke/MethodHandleInfo.REF_getField,1,Java.Lang.Invoke.ReferenceKind,Getfield,remove,
E,26,I:java/lang/invoke/MethodHandleInfo.REF_getStatic,2,Java.Lang.Invoke.ReferenceKind,Getstatic,remove,
E,26,I:java/lang/invoke/MethodHandleInfo.REF_invokeInterface,9,Java.Lang.Invoke.ReferenceKind,Invokeinterface,remove,
E,26,I:java/lang/invoke/MethodHandleInfo.REF_invokeSpecial,7,Java.Lang.Invoke.ReferenceKind,Invokespecial,remove,
E,26,I:java/lang/invoke/MethodHandleInfo.REF_invokeStatic,6,Java.Lang.Invoke.ReferenceKind,Invokestatic,remove,
E,26,I:java/lang/invoke/MethodHandleInfo.REF_invokeVirtual,5,Java.Lang.Invoke.ReferenceKind,Invokevirtual,remove,
E,26,I:java/lang/invoke/MethodHandleInfo.REF_newInvokeSpecial,8,Java.Lang.Invoke.ReferenceKind,Newinvokespecial,remove,
E,26,I:java/lang/invoke/MethodHandleInfo.REF_putField,3,Java.Lang.Invoke.ReferenceKind,Putfield,remove,
E,26,I:java/lang/invoke/MethodHandleInfo.REF_putStatic,4,Java.Lang.Invoke.ReferenceKind,Putstatic,remove,
I,0,I:java/lang/reflect/Member.DECLARED,1,,,,
I,0,I:java/lang/reflect/Member.PUBLIC,0,,,,
E,10,I:java/net/SocketOptions.IP_MULTICAST_IF,16,Java.Net.SocketOption,IpMulticastIf,remove,
E,10,I:java/net/SocketOptions.IP_MULTICAST_IF2,31,Java.Net.SocketOption,IpMulticastIf2,remove,
E,10,I:java/net/SocketOptions.IP_MULTICAST_LOOP,18,Java.Net.SocketOption,IpMulticastLoop,remove,
E,10,I:java/net/SocketOptions.IP_TOS,3,Java.Net.SocketOption,IpTos,remove,
E,10,I:java/net/SocketOptions.SO_BINDADDR,15,Java.Net.SocketOption,SoBindaddr,remove,
E,10,I:java/net/SocketOptions.SO_BROADCAST,32,Java.Net.SocketOption,SoBroadcast,remove,
E,10,I:java/net/SocketOptions.SO_KEEPALIVE,8,Java.Net.SocketOption,SoKeepalive,remove,
E,10,I:java/net/SocketOptions.SO_LINGER,128,Java.Net.SocketOption,SoLinger,remove,
E,10,I:java/net/SocketOptions.SO_OOBINLINE,4099,Java.Net.SocketOption,SoOobinline,remove,
E,10,I:java/net/SocketOptions.SO_RCVBUF,4098,Java.Net.SocketOption,SoRcvbuf,remove,
E,10,I:java/net/SocketOptions.SO_REUSEADDR,4,Java.Net.SocketOption,SoReuseaddr,remove,
E,10,I:java/net/SocketOptions.SO_SNDBUF,4097,Java.Net.SocketOption,SoSndbuf,remove,
E,10,I:java/net/SocketOptions.SO_TIMEOUT,4102,Java.Net.SocketOption,SoTimeout,remove,
E,10,I:java/net/SocketOptions.TCP_NODELAY,1,Java.Net.SocketOption,TcpNodelay,remove,
I,0,I:java/sql/Connection.TRANSACTION_NONE,0,,,,
I,0,I:java/sql/Connection.TRANSACTION_READ_COMMITTED,2,,,,
I,0,I:java/sql/Connection.TRANSACTION_READ_UNCOMMITTED,1,,,,
I,0,I:java/sql/Connection.TRANSACTION_REPEATABLE_READ,4,,,,
I,0,I:java/sql/Connection.TRANSACTION_SERIALIZABLE,8,,,,
I,0,I:java/sql/DatabaseMetaData.bestRowNotPseudo,1,,,,
I,0,I:java/sql/DatabaseMetaData.bestRowPseudo,2,,,,
I,0,I:java/sql/DatabaseMetaData.bestRowSession,2,,,,
I,0,I:java/sql/DatabaseMetaData.bestRowTemporary,0,,,,
I,0,I:java/sql/DatabaseMetaData.bestRowTransaction,1,,,,
I,0,I:java/sql/DatabaseMetaData.bestRowUnknown,0,,,,
I,0,I:java/sql/DatabaseMetaData.columnNoNulls,0,,,,
I,0,I:java/sql/DatabaseMetaData.columnNullable,1,,,,
I,0,I:java/sql/DatabaseMetaData.columnNullableUnknown,2,,,,
I,0,I:java/sql/DatabaseMetaData.functionColumnIn,1,,,,
I,0,I:java/sql/DatabaseMetaData.functionColumnInOut,2,,,,
I,0,I:java/sql/DatabaseMetaData.functionColumnOut,3,,,,
I,0,I:java/sql/DatabaseMetaData.functionColumnResult,5,,,,
I,0,I:java/sql/DatabaseMetaData.functionColumnUnknown,0,,,,
I,0,I:java/sql/DatabaseMetaData.functionNoNulls,0,,,,
I,0,I:java/sql/DatabaseMetaData.functionNoTable,1,,,,
I,0,I:java/sql/DatabaseMetaData.functionNullable,1,,,,
I,0,I:java/sql/DatabaseMetaData.functionNullableUnknown,2,,,,
I,0,I:java/sql/DatabaseMetaData.functionResultUnknown,0,,,,
I,0,I:java/sql/DatabaseMetaData.functionReturn,4,,,,
I,0,I:java/sql/DatabaseMetaData.functionReturnsTable,2,,,,
I,0,I:java/sql/DatabaseMetaData.importedKeyCascade,0,,,,
I,0,I:java/sql/DatabaseMetaData.importedKeyInitiallyDeferred,5,,,,
I,0,I:java/sql/DatabaseMetaData.importedKeyInitiallyImmediate,6,,,,
I,0,I:java/sql/DatabaseMetaData.importedKeyNoAction,3,,,,
I,0,I:java/sql/DatabaseMetaData.importedKeyNotDeferrable,7,,,,
I,0,I:java/sql/DatabaseMetaData.importedKeyRestrict,1,,,,
I,0,I:java/sql/DatabaseMetaData.importedKeySetDefault,4,,,,
I,0,I:java/sql/DatabaseMetaData.importedKeySetNull,2,,,,
I,0,I:java/sql/DatabaseMetaData.procedureColumnIn,1,,,,
I,0,I:java/sql/DatabaseMetaData.procedureColumnInOut,2,,,,
I,0,I:java/sql/DatabaseMetaData.procedureColumnOut,4,,,,
I,0,I:java/sql/DatabaseMetaData.procedureColumnResult,3,,,,
I,0,I:java/sql/DatabaseMetaData.procedureColumnReturn,5,,,,
I,0,I:java/sql/DatabaseMetaData.procedureColumnUnknown,0,,,,
I,0,I:java/sql/DatabaseMetaData.procedureNoNulls,0,,,,
I,0,I:java/sql/DatabaseMetaData.procedureNoResult,1,,,,
I,0,I:java/sql/DatabaseMetaData.procedureNullable,1,,,,
I,0,I:java/sql/DatabaseMetaData.procedureNullableUnknown,2,,,,
I,0,I:java/sql/DatabaseMetaData.procedureResultUnknown,0,,,,
I,0,I:java/sql/DatabaseMetaData.procedureReturnsResult,2,,,,
I,0,I:java/sql/DatabaseMetaData.sqlStateSQL,2,,,,
I,0,I:java/sql/DatabaseMetaData.sqlStateSQL99,2,,,,
I,0,I:java/sql/DatabaseMetaData.sqlStateXOpen,1,,,,
I,0,I:java/sql/DatabaseMetaData.typeNoNulls,0,,,,
I,0,I:java/sql/DatabaseMetaData.typeNullable,1,,,,
I,0,I:java/sql/DatabaseMetaData.typeNullableUnknown,2,,,,
I,0,I:java/sql/DatabaseMetaData.typePredBasic,2,,,,
I,0,I:java/sql/DatabaseMetaData.typePredChar,1,,,,
I,0,I:java/sql/DatabaseMetaData.typePredNone,0,,,,
I,0,I:java/sql/DatabaseMetaData.typeSearchable,3,,,,
I,0,I:java/sql/DatabaseMetaData.versionColumnNotPseudo,1,,,,
I,0,I:java/sql/DatabaseMetaData.versionColumnPseudo,2,,,,
I,0,I:java/sql/DatabaseMetaData.versionColumnUnknown,0,,,,
I,0,I:java/sql/ParameterMetaData.parameterModeIn,1,,,,
I,0,I:java/sql/ParameterMetaData.parameterModeInOut,2,,,,
I,0,I:java/sql/ParameterMetaData.parameterModeOut,4,,,,
I,0,I:java/sql/ParameterMetaData.parameterModeUnknown,0,,,,
I,0,I:java/sql/ParameterMetaData.parameterNoNulls,0,,,,
I,0,I:java/sql/ParameterMetaData.parameterNullable,1,,,,
I,0,I:java/sql/ParameterMetaData.parameterNullableUnknown,2,,,,
I,0,I:java/sql/ResultSet.CLOSE_CURSORS_AT_COMMIT,2,,,,
I,0,I:java/sql/ResultSet.CONCUR_READ_ONLY,1007,,,,
I,0,I:java/sql/ResultSet.CONCUR_UPDATABLE,1008,,,,
I,0,I:java/sql/ResultSet.FETCH_FORWARD,1000,,,,
I,0,I:java/sql/ResultSet.FETCH_REVERSE,1001,,,,
I,0,I:java/sql/ResultSet.FETCH_UNKNOWN,1002,,,,
I,0,I:java/sql/ResultSet.HOLD_CURSORS_OVER_COMMIT,1,,,,
I,0,I:java/sql/ResultSet.TYPE_FORWARD_ONLY,1003,,,,
I,0,I:java/sql/ResultSet.TYPE_SCROLL_INSENSITIVE,1004,,,,
I,0,I:java/sql/ResultSet.TYPE_SCROLL_SENSITIVE,1005,,,,
I,0,I:java/sql/ResultSetMetaData.columnNoNulls,0,,,,
I,0,I:java/sql/ResultSetMetaData.columnNullable,1,,,,
I,0,I:java/sql/ResultSetMetaData.columnNullableUnknown,2,,,,
I,0,I:java/sql/Statement.CLOSE_ALL_RESULTS,3,,,,
I,0,I:java/sql/Statement.CLOSE_CURRENT_RESULT,1,,,,
I,0,I:java/sql/Statement.EXECUTE_FAILED,-3,,,,
I,0,I:java/sql/Statement.KEEP_CURRENT_RESULT,2,,,,
I,0,I:java/sql/Statement.NO_GENERATED_KEYS,2,,,,
I,0,I:java/sql/Statement.RETURN_GENERATED_KEYS,1,,,,
I,0,I:java/sql/Statement.SUCCESS_NO_INFO,-2,,,,
E,24,I:java/util/Spliterator.CONCURRENT,4096,Java.Util.SpliteratorCharacteristics,Concurrent,remove,
E,24,I:java/util/Spliterator.DISTINCT,1,Java.Util.SpliteratorCharacteristics,Distinct,remove,
E,24,I:java/util/Spliterator.IMMUTABLE,1024,Java.Util.SpliteratorCharacteristics,Immutable,remove,
E,24,I:java/util/Spliterator.NONNULL,256,Java.Util.SpliteratorCharacteristics,Nonnull,remove,
E,24,I:java/util/Spliterator.ORDERED,16,Java.Util.SpliteratorCharacteristics,Ordered,remove,
E,24,I:java/util/Spliterator.SIZED,64,Java.Util.SpliteratorCharacteristics,Sized,remove,
E,24,I:java/util/Spliterator.SORTED,4,Java.Util.SpliteratorCharacteristics,Sorted,remove,
E,24,I:java/util/Spliterator.SUBSIZED,16384,Java.Util.SpliteratorCharacteristics,Subsized,remove,
I,0,I:javax/microedition/khronos/egl/EGL10.EGL_ALPHA_FORMAT,12424,,,,
I,0,I:javax/microedition/khronos/egl/EGL10.EGL_ALPHA_MASK_SIZE,12350,,,,
I,0,I:javax/microedition/khronos/egl/EGL10.EGL_ALPHA_SIZE,12321,,,,
I,0,I:javax/microedition/khronos/egl/EGL10.EGL_BAD_ACCESS,12290,,,,
I,0,I:javax/microedition/khronos/egl/EGL10.EGL_BAD_ALLOC,12291,,,,
I,0,I:javax/microedition/khronos/egl/EGL10.EGL_BAD_ATTRIBUTE,12292,,,,
I,0,I:javax/microedition/khronos/egl/EGL10.EGL_BAD_CONFIG,12293,,,,
I,0,I:javax/microedition/khronos/egl/EGL10.EGL_BAD_CONTEXT,12294,,,,
I,0,I:javax/microedition/khronos/egl/EGL10.EGL_BAD_CURRENT_SURFACE,12295,,,,
I,0,I:javax/microedition/khronos/egl/EGL10.EGL_BAD_DISPLAY,12296,,,,
I,0,I:javax/microedition/khronos/egl/EGL10.EGL_BAD_MATCH,12297,,,,
I,0,I:javax/microedition/khronos/egl/EGL10.EGL_BAD_NATIVE_PIXMAP,12298,,,,
I,0,I:javax/microedition/khronos/egl/EGL10.EGL_BAD_NATIVE_WINDOW,12299,,,,
I,0,I:javax/microedition/khronos/egl/EGL10.EGL_BAD_PARAMETER,12300,,,,
I,0,I:javax/microedition/khronos/egl/EGL10.EGL_BAD_SURFACE,12301,,,,
I,0,I:javax/microedition/khronos/egl/EGL10.EGL_BLUE_SIZE,12322,,,,
I,0,I:javax/microedition/khronos/egl/EGL10.EGL_BUFFER_SIZE,12320,,,,
I,0,I:javax/microedition/khronos/egl/EGL10.EGL_COLOR_BUFFER_TYPE,12351,,,,
I,0,I:javax/microedition/khronos/egl/EGL10.EGL_COLORSPACE,12423,,,,
I,0,I:javax/microedition/khronos/egl/EGL10.EGL_CONFIG_CAVEAT,12327,,,,
I,0,I:javax/microedition/khronos/egl/EGL10.EGL_CONFIG_ID,12328,,,,
I,0,I:javax/microedition/khronos/egl/EGL10.EGL_CORE_NATIVE_ENGINE,12379,,,,
I,0,I:javax/microedition/khronos/egl/EGL10.EGL_DEPTH_SIZE,12325,,,,
I,0,I:javax/microedition/khronos/egl/EGL10.EGL_DONT_CARE,-1,,,,
I,0,I:javax/microedition/khronos/egl/EGL10.EGL_DRAW,12377,,,,
I,0,I:javax/microedition/khronos/egl/EGL10.EGL_EXTENSIONS,12373,,,,
I,0,I:javax/microedition/khronos/egl/EGL10.EGL_GREEN_SIZE,12323,,,,
I,0,I:javax/microedition/khronos/egl/EGL10.EGL_HEIGHT,12374,,,,
I,0,I:javax/microedition/khronos/egl/EGL10.EGL_HORIZONTAL_RESOLUTION,12432,,,,
I,0,I:javax/microedition/khronos/egl/EGL10.EGL_LARGEST_PBUFFER,12376,,,,
I,0,I:javax/microedition/khronos/egl/EGL10.EGL_LEVEL,12329,,,,
I,0,I:javax/microedition/khronos/egl/EGL10.EGL_LUMINANCE_BUFFER,12431,,,,
I,0,I:javax/microedition/khronos/egl/EGL10.EGL_LUMINANCE_SIZE,12349,,,,
I,0,I:javax/microedition/khronos/egl/EGL10.EGL_MAX_PBUFFER_HEIGHT,12330,,,,
I,0,I:javax/microedition/khronos/egl/EGL10.EGL_MAX_PBUFFER_PIXELS,12331,,,,
I,0,I:javax/microedition/khronos/egl/EGL10.EGL_MAX_PBUFFER_WIDTH,12332,,,,
I,0,I:javax/microedition/khronos/egl/EGL10.EGL_NATIVE_RENDERABLE,12333,,,,
I,0,I:javax/microedition/khronos/egl/EGL10.EGL_NATIVE_VISUAL_ID,12334,,,,
I,0,I:javax/microedition/khronos/egl/EGL10.EGL_NATIVE_VISUAL_TYPE,12335,,,,
I,0,I:javax/microedition/khronos/egl/EGL10.EGL_NON_CONFORMANT_CONFIG,12369,,,,
I,0,I:javax/microedition/khronos/egl/EGL10.EGL_NONE,12344,,,,
I,0,I:javax/microedition/khronos/egl/EGL10.EGL_NOT_INITIALIZED,12289,,,,
I,0,I:javax/microedition/khronos/egl/EGL10.EGL_PBUFFER_BIT,1,,,,
I,0,I:javax/microedition/khronos/egl/EGL10.EGL_PIXEL_ASPECT_RATIO,12434,,,,
I,0,I:javax/microedition/khronos/egl/EGL10.EGL_PIXMAP_BIT,2,,,,
I,0,I:javax/microedition/khronos/egl/EGL10.EGL_READ,12378,,,,
I,0,I:javax/microedition/khronos/egl/EGL10.EGL_RED_SIZE,12324,,,,
I,0,I:javax/microedition/khronos/egl/EGL10.EGL_RENDER_BUFFER,12422,,,,
I,0,I:javax/microedition/khronos/egl/EGL10.EGL_RENDERABLE_TYPE,12352,,,,
I,0,I:javax/microedition/khronos/egl/EGL10.EGL_RGB_BUFFER,12430,,,,
I,0,I:javax/microedition/khronos/egl/EGL10.EGL_SAMPLE_BUFFERS,12338,,,,
I,0,I:javax/microedition/khronos/egl/EGL10.EGL_SAMPLES,12337,,,,
I,0,I:javax/microedition/khronos/egl/EGL10.EGL_SINGLE_BUFFER,12421,,,,
I,0,I:javax/microedition/khronos/egl/EGL10.EGL_SLOW_CONFIG,12368,,,,
I,0,I:javax/microedition/khronos/egl/EGL10.EGL_STENCIL_SIZE,12326,,,,
I,0,I:javax/microedition/khronos/egl/EGL10.EGL_SUCCESS,12288,,,,
I,0,I:javax/microedition/khronos/egl/EGL10.EGL_SURFACE_TYPE,12339,,,,
I,0,I:javax/microedition/khronos/egl/EGL10.EGL_TRANSPARENT_BLUE_VALUE,12341,,,,
I,0,I:javax/microedition/khronos/egl/EGL10.EGL_TRANSPARENT_GREEN_VALUE,12342,,,,
I,0,I:javax/microedition/khronos/egl/EGL10.EGL_TRANSPARENT_RED_VALUE,12343,,,,
I,0,I:javax/microedition/khronos/egl/EGL10.EGL_TRANSPARENT_RGB,12370,,,,
I,0,I:javax/microedition/khronos/egl/EGL10.EGL_TRANSPARENT_TYPE,12340,,,,
I,0,I:javax/microedition/khronos/egl/EGL10.EGL_VENDOR,12371,,,,
I,0,I:javax/microedition/khronos/egl/EGL10.EGL_VERSION,12372,,,,
I,0,I:javax/microedition/khronos/egl/EGL10.EGL_VERTICAL_RESOLUTION,12433,,,,
I,0,I:javax/microedition/khronos/egl/EGL10.EGL_WIDTH,12375,,,,
I,0,I:javax/microedition/khronos/egl/EGL10.EGL_WINDOW_BIT,4,,,,
I,0,I:javax/microedition/khronos/egl/EGL11.EGL_CONTEXT_LOST,12302,,,,
I,0,I:javax/microedition/khronos/opengles/GL10.GL_ADD,260,,,,
I,0,I:javax/microedition/khronos/opengles/GL10.GL_ALIASED_LINE_WIDTH_RANGE,33902,,,,
I,0,I:javax/microedition/khronos/opengles/GL10.GL_ALIASED_POINT_SIZE_RANGE,33901,,,,
I,0,I:javax/microedition/khronos/opengles/GL10.GL_ALPHA,6406,,,,
I,0,I:javax/microedition/khronos/opengles/GL10.GL_ALPHA_BITS,3413,,,,
I,0,I:javax/microedition/khronos/opengles/GL10.GL_ALPHA_TEST,3008,,,,
I,0,I:javax/microedition/khronos/opengles/GL10.GL_ALWAYS,519,,,,
I,0,I:javax/microedition/khronos/opengles/GL10.GL_AMBIENT,4608,,,,
I,0,I:javax/microedition/khronos/opengles/GL10.GL_AMBIENT_AND_DIFFUSE,5634,,,,
I,0,I:javax/microedition/khronos/opengles/GL10.GL_AND,5377,,,,
I,0,I:javax/microedition/khronos/opengles/GL10.GL_AND_INVERTED,5380,,,,
I,0,I:javax/microedition/khronos/opengles/GL10.GL_AND_REVERSE,5378,,,,
I,0,I:javax/microedition/khronos/opengles/GL10.GL_BACK,1029,,,,
I,0,I:javax/microedition/khronos/opengles/GL10.GL_BLEND,3042,,,,
I,0,I:javax/microedition/khronos/opengles/GL10.GL_BLUE_BITS,3412,,,,
I,0,I:javax/microedition/khronos/opengles/GL10.GL_BYTE,5120,,,,
I,0,I:javax/microedition/khronos/opengles/GL10.GL_CCW,2305,,,,
I,0,I:javax/microedition/khronos/opengles/GL10.GL_CLAMP_TO_EDGE,33071,,,,
I,0,I:javax/microedition/khronos/opengles/GL10.GL_CLEAR,5376,,,,
I,0,I:javax/microedition/khronos/opengles/GL10.GL_COLOR_ARRAY,32886,,,,
I,0,I:javax/microedition/khronos/opengles/GL10.GL_COLOR_BUFFER_BIT,16384,,,,
I,0,I:javax/microedition/khronos/opengles/GL10.GL_COLOR_LOGIC_OP,3058,,,,
I,0,I:javax/microedition/khronos/opengles/GL10.GL_COLOR_MATERIAL,2903,,,,
I,0,I:javax/microedition/khronos/opengles/GL10.GL_COMPRESSED_TEXTURE_FORMATS,34467,,,,
I,0,I:javax/microedition/khronos/opengles/GL10.GL_CONSTANT_ATTENUATION,4615,,,,
I,0,I:javax/microedition/khronos/opengles/GL10.GL_COPY,5379,,,,
I,0,I:javax/microedition/khronos/opengles/GL10.GL_COPY_INVERTED,5388,,,,
I,0,I:javax/microedition/khronos/opengles/GL10.GL_CULL_FACE,2884,,,,
I,0,I:javax/microedition/khronos/opengles/GL10.GL_CW,2304,,,,
I,0,I:javax/microedition/khronos/opengles/GL10.GL_DECAL,8449,,,,
I,0,I:javax/microedition/khronos/opengles/GL10.GL_DECR,7683,,,,
I,0,I:javax/microedition/khronos/opengles/GL10.GL_DEPTH_BITS,3414,,,,
I,0,I:javax/microedition/khronos/opengles/GL10.GL_DEPTH_BUFFER_BIT,256,,,,
I,0,I:javax/microedition/khronos/opengles/GL10.GL_DEPTH_TEST,2929,,,,
I,0,I:javax/microedition/khronos/opengles/GL10.GL_DIFFUSE,4609,,,,
I,0,I:javax/microedition/khronos/opengles/GL10.GL_DITHER,3024,,,,
I,0,I:javax/microedition/khronos/opengles/GL10.GL_DONT_CARE,4352,,,,
I,0,I:javax/microedition/khronos/opengles/GL10.GL_DST_ALPHA,772,,,,
I,0,I:javax/microedition/khronos/opengles/GL10.GL_DST_COLOR,774,,,,
I,0,I:javax/microedition/khronos/opengles/GL10.GL_EMISSION,5632,,,,
I,0,I:javax/microedition/khronos/opengles/GL10.GL_EQUAL,514,,,,
I,0,I:javax/microedition/khronos/opengles/GL10.GL_EQUIV,5385,,,,
I,0,I:javax/microedition/khronos/opengles/GL10.GL_EXP,2048,,,,
I,0,I:javax/microedition/khronos/opengles/GL10.GL_EXP2,2049,,,,
I,0,I:javax/microedition/khronos/opengles/GL10.GL_EXTENSIONS,7939,,,,
I,0,I:javax/microedition/khronos/opengles/GL10.GL_FALSE,0,,,,
I,0,I:javax/microedition/khronos/opengles/GL10.GL_FASTEST,4353,,,,
I,0,I:javax/microedition/khronos/opengles/GL10.GL_FIXED,5132,,,,
I,0,I:javax/microedition/khronos/opengles/GL10.GL_FLAT,7424,,,,
I,0,I:javax/microedition/khronos/opengles/GL10.GL_FLOAT,5126,,,,
I,0,I:javax/microedition/khronos/opengles/GL10.GL_FOG,2912,,,,
I,0,I:javax/microedition/khronos/opengles/GL10.GL_FOG_COLOR,2918,,,,
I,0,I:javax/microedition/khronos/opengles/GL10.GL_FOG_DENSITY,2914,,,,
I,0,I:javax/microedition/khronos/opengles/GL10.GL_FOG_END,2916,,,,
I,0,I:javax/microedition/khronos/opengles/GL10.GL_FOG_HINT,3156,,,,
I,0,I:javax/microedition/khronos/opengles/GL10.GL_FOG_MODE,2917,,,,
I,0,I:javax/microedition/khronos/opengles/GL10.GL_FOG_START,2915,,,,
I,0,I:javax/microedition/khronos/opengles/GL10.GL_FRONT,1028,,,,
I,0,I:javax/microedition/khronos/opengles/GL10.GL_FRONT_AND_BACK,1032,,,,
I,0,I:javax/microedition/khronos/opengles/GL10.GL_GEQUAL,518,,,,
I,0,I:javax/microedition/khronos/opengles/GL10.GL_GREATER,516,,,,
I,0,I:javax/microedition/khronos/opengles/GL10.GL_GREEN_BITS,3411,,,,
I,0,I:javax/microedition/khronos/opengles/GL10.GL_IMPLEMENTATION_COLOR_READ_FORMAT_OES,35739,,,,
I,0,I:javax/microedition/khronos/opengles/GL10.GL_IMPLEMENTATION_COLOR_READ_TYPE_OES,35738,,,,
I,0,I:javax/microedition/khronos/opengles/GL10.GL_INCR,7682,,,,
I,0,I:javax/microedition/khronos/opengles/GL10.GL_INVALID_ENUM,1280,,,,
I,0,I:javax/microedition/khronos/opengles/GL10.GL_INVALID_OPERATION,1282,,,,
I,0,I:javax/microedition/khronos/opengles/GL10.GL_INVALID_VALUE,1281,,,,
I,0,I:javax/microedition/khronos/opengles/GL10.GL_INVERT,5386,,,,
I,0,I:javax/microedition/khronos/opengles/GL10.GL_KEEP,7680,,,,
I,0,I:javax/microedition/khronos/opengles/GL10.GL_LEQUAL,515,,,,
I,0,I:javax/microedition/khronos/opengles/GL10.GL_LESS,513,,,,
I,0,I:javax/microedition/khronos/opengles/GL10.GL_LIGHT_MODEL_AMBIENT,2899,,,,
I,0,I:javax/microedition/khronos/opengles/GL10.GL_LIGHT_MODEL_TWO_SIDE,2898,,,,
I,0,I:javax/microedition/khronos/opengles/GL10.GL_LIGHT0,16384,,,,
I,0,I:javax/microedition/khronos/opengles/GL10.GL_LIGHT1,16385,,,,
I,0,I:javax/microedition/khronos/opengles/GL10.GL_LIGHT2,16386,,,,
I,0,I:javax/microedition/khronos/opengles/GL10.GL_LIGHT3,16387,,,,
I,0,I:javax/microedition/khronos/opengles/GL10.GL_LIGHT4,16388,,,,
I,0,I:javax/microedition/khronos/opengles/GL10.GL_LIGHT5,16389,,,,
I,0,I:javax/microedition/khronos/opengles/GL10.GL_LIGHT6,16390,,,,
I,0,I:javax/microedition/khronos/opengles/GL10.GL_LIGHT7,16391,,,,
I,0,I:javax/microedition/khronos/opengles/GL10.GL_LIGHTING,2896,,,,
I,0,I:javax/microedition/khronos/opengles/GL10.GL_LINE_LOOP,2,,,,
I,0,I:javax/microedition/khronos/opengles/GL10.GL_LINE_SMOOTH,2848,,,,
I,0,I:javax/microedition/khronos/opengles/GL10.GL_LINE_SMOOTH_HINT,3154,,,,
I,0,I:javax/microedition/khronos/opengles/GL10.GL_LINE_STRIP,3,,,,
I,0,I:javax/microedition/khronos/opengles/GL10.GL_LINEAR,9729,,,,
I,0,I:javax/microedition/khronos/opengles/GL10.GL_LINEAR_ATTENUATION,4616,,,,
I,0,I:javax/microedition/khronos/opengles/GL10.GL_LINEAR_MIPMAP_LINEAR,9987,,,,
I,0,I:javax/microedition/khronos/opengles/GL10.GL_LINEAR_MIPMAP_NEAREST,9985,,,,
I,0,I:javax/microedition/khronos/opengles/GL10.GL_LINES,1,,,,
I,0,I:javax/microedition/khronos/opengles/GL10.GL_LUMINANCE,6409,,,,
I,0,I:javax/microedition/khronos/opengles/GL10.GL_LUMINANCE_ALPHA,6410,,,,
I,0,I:javax/microedition/khronos/opengles/GL10.GL_MAX_ELEMENTS_INDICES,33001,,,,
I,0,I:javax/microedition/khronos/opengles/GL10.GL_MAX_ELEMENTS_VERTICES,33000,,,,
I,0,I:javax/microedition/khronos/opengles/GL10.GL_MAX_LIGHTS,3377,,,,
I,0,I:javax/microedition/khronos/opengles/GL10.GL_MAX_MODELVIEW_STACK_DEPTH,3382,,,,
I,0,I:javax/microedition/khronos/opengles/GL10.GL_MAX_PROJECTION_STACK_DEPTH,3384,,,,
I,0,I:javax/microedition/khronos/opengles/GL10.GL_MAX_TEXTURE_SIZE,3379,,,,
I,0,I:javax/microedition/khronos/opengles/GL10.GL_MAX_TEXTURE_STACK_DEPTH,3385,,,,
I,0,I:javax/microedition/khronos/opengles/GL10.GL_MAX_TEXTURE_UNITS,34018,,,,
I,0,I:javax/microedition/khronos/opengles/GL10.GL_MAX_VIEWPORT_DIMS,3386,,,,
I,0,I:javax/microedition/khronos/opengles/GL10.GL_MODELVIEW,5888,,,,
I,0,I:javax/microedition/khronos/opengles/GL10.GL_MODULATE,8448,,,,
I,0,I:javax/microedition/khronos/opengles/GL10.GL_MULTISAMPLE,32925,,,,
I,0,I:javax/microedition/khronos/opengles/GL10.GL_NAND,5390,,,,
I,0,I:javax/microedition/khronos/opengles/GL10.GL_NEAREST,9728,,,,
I,0,I:javax/microedition/khronos/opengles/GL10.GL_NEAREST_MIPMAP_LINEAR,9986,,,,
I,0,I:javax/microedition/khronos/opengles/GL10.GL_NEAREST_MIPMAP_NEAREST,9984,,,,
I,0,I:javax/microedition/khronos/opengles/GL10.GL_NEVER,512,,,,
I,0,I:javax/microedition/khronos/opengles/GL10.GL_NICEST,4354,,,,
I,0,I:javax/microedition/khronos/opengles/GL10.GL_NO_ERROR,0,,,,
I,0,I:javax/microedition/khronos/opengles/GL10.GL_NOOP,5381,,,,
I,0,I:javax/microedition/khronos/opengles/GL10.GL_NOR,5384,,,,
I,0,I:javax/microedition/khronos/opengles/GL10.GL_NORMAL_ARRAY,32885,,,,
I,0,I:javax/microedition/khronos/opengles/GL10.GL_NORMALIZE,2977,,,,
I,0,I:javax/microedition/khronos/opengles/GL10.GL_NOTEQUAL,517,,,,
I,0,I:javax/microedition/khronos/opengles/GL10.GL_NUM_COMPRESSED_TEXTURE_FORMATS,34466,,,,
I,0,I:javax/microedition/khronos/opengles/GL10.GL_ONE,1,,,,
I,0,I:javax/microedition/khronos/opengles/GL10.GL_ONE_MINUS_DST_ALPHA,773,,,,
I,0,I:javax/microedition/khronos/opengles/GL10.GL_ONE_MINUS_DST_COLOR,775,,,,
I,0,I:javax/microedition/khronos/opengles/GL10.GL_ONE_MINUS_SRC_ALPHA,771,,,,
I,0,I:javax/microedition/khronos/opengles/GL10.GL_ONE_MINUS_SRC_COLOR,769,,,,
I,0,I:javax/microedition/khronos/opengles/GL10.GL_OR,5383,,,,
I,0,I:javax/microedition/khronos/opengles/GL10.GL_OR_INVERTED,5389,,,,
I,0,I:javax/microedition/khronos/opengles/GL10.GL_OR_REVERSE,5387,,,,
I,0,I:javax/microedition/khronos/opengles/GL10.GL_OUT_OF_MEMORY,1285,,,,
I,0,I:javax/microedition/khronos/opengles/GL10.GL_PACK_ALIGNMENT,3333,,,,
I,0,I:javax/microedition/khronos/opengles/GL10.GL_PALETTE4_R5_G6_B5_OES,35730,,,,
I,0,I:javax/microedition/khronos/opengles/GL10.GL_PALETTE4_RGB5_A1_OES,35732,,,,
I,0,I:javax/microedition/khronos/opengles/GL10.GL_PALETTE4_RGB8_OES,35728,,,,
I,0,I:javax/microedition/khronos/opengles/GL10.GL_PALETTE4_RGBA4_OES,35731,,,,
I,0,I:javax/microedition/khronos/opengles/GL10.GL_PALETTE4_RGBA8_OES,35729,,,,
I,0,I:javax/microedition/khronos/opengles/GL10.GL_PALETTE8_R5_G6_B5_OES,35735,,,,
I,0,I:javax/microedition/khronos/opengles/GL10.GL_PALETTE8_RGB5_A1_OES,35737,,,,
I,0,I:javax/microedition/khronos/opengles/GL10.GL_PALETTE8_RGB8_OES,35733,,,,
I,0,I:javax/microedition/khronos/opengles/GL10.GL_PALETTE8_RGBA4_OES,35736,,,,
I,0,I:javax/microedition/khronos/opengles/GL10.GL_PALETTE8_RGBA8_OES,35734,,,,
I,0,I:javax/microedition/khronos/opengles/GL10.GL_PERSPECTIVE_CORRECTION_HINT,3152,,,,
I,0,I:javax/microedition/khronos/opengles/GL10.GL_POINT_FADE_THRESHOLD_SIZE,33064,,,,
I,0,I:javax/microedition/khronos/opengles/GL10.GL_POINT_SIZE,2833,,,,
I,0,I:javax/microedition/khronos/opengles/GL10.GL_POINT_SMOOTH,2832,,,,
I,0,I:javax/microedition/khronos/opengles/GL10.GL_POINT_SMOOTH_HINT,3153,,,,
I,0,I:javax/microedition/khronos/opengles/GL10.GL_POINTS,0,,,,
I,0,I:javax/microedition/khronos/opengles/GL10.GL_POLYGON_OFFSET_FILL,32823,,,,
I,0,I:javax/microedition/khronos/opengles/GL10.GL_POLYGON_SMOOTH_HINT,3155,,,,
I,0,I:javax/microedition/khronos/opengles/GL10.GL_POSITION,4611,,,,
I,0,I:javax/microedition/khronos/opengles/GL10.GL_PROJECTION,5889,,,,
I,0,I:javax/microedition/khronos/opengles/GL10.GL_QUADRATIC_ATTENUATION,4617,,,,
I,0,I:javax/microedition/khronos/opengles/GL10.GL_RED_BITS,3410,,,,
I,0,I:javax/microedition/khronos/opengles/GL10.GL_RENDERER,7937,,,,
I,0,I:javax/microedition/khronos/opengles/GL10.GL_REPEAT,10497,,,,
I,0,I:javax/microedition/khronos/opengles/GL10.GL_REPLACE,7681,,,,
I,0,I:javax/microedition/khronos/opengles/GL10.GL_RESCALE_NORMAL,32826,,,,
I,0,I:javax/microedition/khronos/opengles/GL10.GL_RGB,6407,,,,
I,0,I:javax/microedition/khronos/opengles/GL10.GL_RGBA,6408,,,,
I,0,I:javax/microedition/khronos/opengles/GL10.GL_SAMPLE_ALPHA_TO_COVERAGE,32926,,,,
I,0,I:javax/microedition/khronos/opengles/GL10.GL_SAMPLE_ALPHA_TO_ONE,32927,,,,
I,0,I:javax/microedition/khronos/opengles/GL10.GL_SAMPLE_COVERAGE,32928,,,,
I,0,I:javax/microedition/khronos/opengles/GL10.GL_SCISSOR_TEST,3089,,,,
I,0,I:javax/microedition/khronos/opengles/GL10.GL_SET,5391,,,,
I,0,I:javax/microedition/khronos/opengles/GL10.GL_SHININESS,5633,,,,
I,0,I:javax/microedition/khronos/opengles/GL10.GL_SHORT,5122,,,,
I,0,I:javax/microedition/khronos/opengles/GL10.GL_SMOOTH,7425,,,,
I,0,I:javax/microedition/khronos/opengles/GL10.GL_SMOOTH_LINE_WIDTH_RANGE,2850,,,,
I,0,I:javax/microedition/khronos/opengles/GL10.GL_SMOOTH_POINT_SIZE_RANGE,2834,,,,
I,0,I:javax/microedition/khronos/opengles/GL10.GL_SPECULAR,4610,,,,
I,0,I:javax/microedition/khronos/opengles/GL10.GL_SPOT_CUTOFF,4614,,,,
I,0,I:javax/microedition/khronos/opengles/GL10.GL_SPOT_DIRECTION,4612,,,,
I,0,I:javax/microedition/khronos/opengles/GL10.GL_SPOT_EXPONENT,4613,,,,
I,0,I:javax/microedition/khronos/opengles/GL10.GL_SRC_ALPHA,770,,,,
I,0,I:javax/microedition/khronos/opengles/GL10.GL_SRC_ALPHA_SATURATE,776,,,,
I,0,I:javax/microedition/khronos/opengles/GL10.GL_SRC_COLOR,768,,,,
I,0,I:javax/microedition/khronos/opengles/GL10.GL_STACK_OVERFLOW,1283,,,,
I,0,I:javax/microedition/khronos/opengles/GL10.GL_STACK_UNDERFLOW,1284,,,,
I,0,I:javax/microedition/khronos/opengles/GL10.GL_STENCIL_BITS,3415,,,,
I,0,I:javax/microedition/khronos/opengles/GL10.GL_STENCIL_BUFFER_BIT,1024,,,,
I,0,I:javax/microedition/khronos/opengles/GL10.GL_STENCIL_TEST,2960,,,,
I,0,I:javax/microedition/khronos/opengles/GL10.GL_SUBPIXEL_BITS,3408,,,,
I,0,I:javax/microedition/khronos/opengles/GL10.GL_TEXTURE,5890,,,,
I,0,I:javax/microedition/khronos/opengles/GL10.GL_TEXTURE_2D,3553,,,,
I,0,I:javax/microedition/khronos/opengles/GL10.GL_TEXTURE_COORD_ARRAY,32888,,,,
I,0,I:javax/microedition/khronos/opengles/GL10.GL_TEXTURE_ENV,8960,,,,
I,0,I:javax/microedition/khronos/opengles/GL10.GL_TEXTURE_ENV_COLOR,8705,,,,
I,0,I:javax/microedition/khronos/opengles/GL10.GL_TEXTURE_ENV_MODE,8704,,,,
I,0,I:javax/microedition/khronos/opengles/GL10.GL_TEXTURE_MAG_FILTER,10240,,,,
I,0,I:javax/microedition/khronos/opengles/GL10.GL_TEXTURE_MIN_FILTER,10241,,,,
I,0,I:javax/microedition/khronos/opengles/GL10.GL_TEXTURE_WRAP_S,10242,,,,
I,0,I:javax/microedition/khronos/opengles/GL10.GL_TEXTURE_WRAP_T,10243,,,,
I,0,I:javax/microedition/khronos/opengles/GL10.GL_TEXTURE0,33984,,,,
I,0,I:javax/microedition/khronos/opengles/GL10.GL_TEXTURE1,33985,,,,
I,0,I:javax/microedition/khronos/opengles/GL10.GL_TEXTURE10,33994,,,,
I,0,I:javax/microedition/khronos/opengles/GL10.GL_TEXTURE11,33995,,,,
I,0,I:javax/microedition/khronos/opengles/GL10.GL_TEXTURE12,33996,,,,
I,0,I:javax/microedition/khronos/opengles/GL10.GL_TEXTURE13,33997,,,,
I,0,I:javax/microedition/khronos/opengles/GL10.GL_TEXTURE14,33998,,,,
I,0,I:javax/microedition/khronos/opengles/GL10.GL_TEXTURE15,33999,,,,
I,0,I:javax/microedition/khronos/opengles/GL10.GL_TEXTURE16,34000,,,,
I,0,I:javax/microedition/khronos/opengles/GL10.GL_TEXTURE17,34001,,,,
I,0,I:javax/microedition/khronos/opengles/GL10.GL_TEXTURE18,34002,,,,
I,0,I:javax/microedition/khronos/opengles/GL10.GL_TEXTURE19,34003,,,,
I,0,I:javax/microedition/khronos/opengles/GL10.GL_TEXTURE2,33986,,,,
I,0,I:javax/microedition/khronos/opengles/GL10.GL_TEXTURE20,34004,,,,
I,0,I:javax/microedition/khronos/opengles/GL10.GL_TEXTURE21,34005,,,,
I,0,I:javax/microedition/khronos/opengles/GL10.GL_TEXTURE22,34006,,,,
I,0,I:javax/microedition/khronos/opengles/GL10.GL_TEXTURE23,34007,,,,
I,0,I:javax/microedition/khronos/opengles/GL10.GL_TEXTURE24,34008,,,,
I,0,I:javax/microedition/khronos/opengles/GL10.GL_TEXTURE25,34009,,,,
I,0,I:javax/microedition/khronos/opengles/GL10.GL_TEXTURE26,34010,,,,
I,0,I:javax/microedition/khronos/opengles/GL10.GL_TEXTURE27,34011,,,,
I,0,I:javax/microedition/khronos/opengles/GL10.GL_TEXTURE28,34012,,,,
I,0,I:javax/microedition/khronos/opengles/GL10.GL_TEXTURE29,34013,,,,
I,0,I:javax/microedition/khronos/opengles/GL10.GL_TEXTURE3,33987,,,,
I,0,I:javax/microedition/khronos/opengles/GL10.GL_TEXTURE30,34014,,,,
I,0,I:javax/microedition/khronos/opengles/GL10.GL_TEXTURE31,34015,,,,
I,0,I:javax/microedition/khronos/opengles/GL10.GL_TEXTURE4,33988,,,,
I,0,I:javax/microedition/khronos/opengles/GL10.GL_TEXTURE5,33989,,,,
I,0,I:javax/microedition/khronos/opengles/GL10.GL_TEXTURE6,33990,,,,
I,0,I:javax/microedition/khronos/opengles/GL10.GL_TEXTURE7,33991,,,,
I,0,I:javax/microedition/khronos/opengles/GL10.GL_TEXTURE8,33992,,,,
I,0,I:javax/microedition/khronos/opengles/GL10.GL_TEXTURE9,33993,,,,
I,0,I:javax/microedition/khronos/opengles/GL10.GL_TRIANGLE_FAN,6,,,,
I,0,I:javax/microedition/khronos/opengles/GL10.GL_TRIANGLE_STRIP,5,,,,
I,0,I:javax/microedition/khronos/opengles/GL10.GL_TRIANGLES,4,,,,
I,0,I:javax/microedition/khronos/opengles/GL10.GL_TRUE,1,,,,
I,0,I:javax/microedition/khronos/opengles/GL10.GL_UNPACK_ALIGNMENT,3317,,,,
I,0,I:javax/microedition/khronos/opengles/GL10.GL_UNSIGNED_BYTE,5121,,,,
I,0,I:javax/microedition/khronos/opengles/GL10.GL_UNSIGNED_SHORT,5123,,,,
I,0,I:javax/microedition/khronos/opengles/GL10.GL_UNSIGNED_SHORT_4_4_4_4,32819,,,,
I,0,I:javax/microedition/khronos/opengles/GL10.GL_UNSIGNED_SHORT_5_5_5_1,32820,,,,
I,0,I:javax/microedition/khronos/opengles/GL10.GL_UNSIGNED_SHORT_5_6_5,33635,,,,
I,0,I:javax/microedition/khronos/opengles/GL10.GL_VENDOR,7936,,,,
I,0,I:javax/microedition/khronos/opengles/GL10.GL_VERSION,7938,,,,
I,0,I:javax/microedition/khronos/opengles/GL10.GL_VERTEX_ARRAY,32884,,,,
I,0,I:javax/microedition/khronos/opengles/GL10.GL_XOR,5382,,,,
I,0,I:javax/microedition/khronos/opengles/GL10.GL_ZERO,0,,,,
I,0,I:javax/microedition/khronos/opengles/GL11.GL_ACTIVE_TEXTURE,34016,,,,
I,0,I:javax/microedition/khronos/opengles/GL11.GL_ADD_SIGNED,34164,,,,
I,0,I:javax/microedition/khronos/opengles/GL11.GL_ALPHA_SCALE,3356,,,,
I,0,I:javax/microedition/khronos/opengles/GL11.GL_ALPHA_TEST_FUNC,3009,,,,
I,0,I:javax/microedition/khronos/opengles/GL11.GL_ALPHA_TEST_REF,3010,,,,
I,0,I:javax/microedition/khronos/opengles/GL11.GL_ARRAY_BUFFER,34962,,,,
I,0,I:javax/microedition/khronos/opengles/GL11.GL_ARRAY_BUFFER_BINDING,34964,,,,
I,0,I:javax/microedition/khronos/opengles/GL11.GL_BLEND_DST,3040,,,,
I,0,I:javax/microedition/khronos/opengles/GL11.GL_BLEND_SRC,3041,,,,
I,0,I:javax/microedition/khronos/opengles/GL11.GL_BUFFER_ACCESS,35003,,,,
I,0,I:javax/microedition/khronos/opengles/GL11.GL_BUFFER_SIZE,34660,,,,
I,0,I:javax/microedition/khronos/opengles/GL11.GL_BUFFER_USAGE,34661,,,,
I,0,I:javax/microedition/khronos/opengles/GL11.GL_CLIENT_ACTIVE_TEXTURE,34017,,,,
I,0,I:javax/microedition/khronos/opengles/GL11.GL_CLIP_PLANE0,12288,,,,
I,0,I:javax/microedition/khronos/opengles/GL11.GL_CLIP_PLANE1,12289,,,,
I,0,I:javax/microedition/khronos/opengles/GL11.GL_CLIP_PLANE2,12290,,,,
I,0,I:javax/microedition/khronos/opengles/GL11.GL_CLIP_PLANE3,12291,,,,
I,0,I:javax/microedition/khronos/opengles/GL11.GL_CLIP_PLANE4,12292,,,,
I,0,I:javax/microedition/khronos/opengles/GL11.GL_CLIP_PLANE5,12293,,,,
I,0,I:javax/microedition/khronos/opengles/GL11.GL_COLOR_ARRAY_BUFFER_BINDING,34968,,,,
I,0,I:javax/microedition/khronos/opengles/GL11.GL_COLOR_ARRAY_POINTER,32912,,,,
I,0,I:javax/microedition/khronos/opengles/GL11.GL_COLOR_ARRAY_SIZE,32897,,,,
I,0,I:javax/microedition/khronos/opengles/GL11.GL_COLOR_ARRAY_STRIDE,32899,,,,
I,0,I:javax/microedition/khronos/opengles/GL11.GL_COLOR_ARRAY_TYPE,32898,,,,
I,0,I:javax/microedition/khronos/opengles/GL11.GL_COLOR_CLEAR_VALUE,3106,,,,
I,0,I:javax/microedition/khronos/opengles/GL11.GL_COLOR_WRITEMASK,3107,,,,
I,0,I:javax/microedition/khronos/opengles/GL11.GL_COMBINE,34160,,,,
I,0,I:javax/microedition/khronos/opengles/GL11.GL_COMBINE_ALPHA,34162,,,,
I,0,I:javax/microedition/khronos/opengles/GL11.GL_COMBINE_RGB,34161,,,,
I,0,I:javax/microedition/khronos/opengles/GL11.GL_CONSTANT,34166,,,,
I,0,I:javax/microedition/khronos/opengles/GL11.GL_COORD_REPLACE_OES,34914,,,,
I,0,I:javax/microedition/khronos/opengles/GL11.GL_CULL_FACE_MODE,2885,,,,
I,0,I:javax/microedition/khronos/opengles/GL11.GL_CURRENT_COLOR,2816,,,,
I,0,I:javax/microedition/khronos/opengles/GL11.GL_CURRENT_NORMAL,2818,,,,
I,0,I:javax/microedition/khronos/opengles/GL11.GL_CURRENT_TEXTURE_COORDS,2819,,,,
I,0,I:javax/microedition/khronos/opengles/GL11.GL_DEPTH_CLEAR_VALUE,2931,,,,
I,0,I:javax/microedition/khronos/opengles/GL11.GL_DEPTH_FUNC,2932,,,,
I,0,I:javax/microedition/khronos/opengles/GL11.GL_DEPTH_RANGE,2928,,,,
I,0,I:javax/microedition/khronos/opengles/GL11.GL_DEPTH_WRITEMASK,2930,,,,
I,0,I:javax/microedition/khronos/opengles/GL11.GL_DOT3_RGB,34478,,,,
I,0,I:javax/microedition/khronos/opengles/GL11.GL_DOT3_RGBA,34479,,,,
I,0,I:javax/microedition/khronos/opengles/GL11.GL_DYNAMIC_DRAW,35048,,,,
I,0,I:javax/microedition/khronos/opengles/GL11.GL_ELEMENT_ARRAY_BUFFER,34963,,,,
I,0,I:javax/microedition/khronos/opengles/GL11.GL_ELEMENT_ARRAY_BUFFER_BINDING,34965,,,,
I,0,I:javax/microedition/khronos/opengles/GL11.GL_FRONT_FACE,2886,,,,
I,0,I:javax/microedition/khronos/opengles/GL11.GL_GENERATE_MIPMAP,33169,,,,
I,0,I:javax/microedition/khronos/opengles/GL11.GL_GENERATE_MIPMAP_HINT,33170,,,,
I,0,I:javax/microedition/khronos/opengles/GL11.GL_INTERPOLATE,34165,,,,
I,0,I:javax/microedition/khronos/opengles/GL11.GL_LINE_WIDTH,2849,,,,
I,0,I:javax/microedition/khronos/opengles/GL11.GL_LOGIC_OP_MODE,3056,,,,
I,0,I:javax/microedition/khronos/opengles/GL11.GL_MATRIX_MODE,2976,,,,
I,0,I:javax/microedition/khronos/opengles/GL11.GL_MAX_CLIP_PLANES,3378,,,,
I,0,I:javax/microedition/khronos/opengles/GL11.GL_MODELVIEW_MATRIX,2982,,,,
I,0,I:javax/microedition/khronos/opengles/GL11.GL_MODELVIEW_MATRIX_FLOAT_AS_INT_BITS_OES,35213,,,,
I,0,I:javax/microedition/khronos/opengles/GL11.GL_MODELVIEW_STACK_DEPTH,2979,,,,
I,0,I:javax/microedition/khronos/opengles/GL11.GL_NORMAL_ARRAY_BUFFER_BINDING,34967,,,,
I,0,I:javax/microedition/khronos/opengles/GL11.GL_NORMAL_ARRAY_POINTER,32911,,,,
I,0,I:javax/microedition/khronos/opengles/GL11.GL_NORMAL_ARRAY_STRIDE,32895,,,,
I,0,I:javax/microedition/khronos/opengles/GL11.GL_NORMAL_ARRAY_TYPE,32894,,,,
I,0,I:javax/microedition/khronos/opengles/GL11.GL_OPERAND0_ALPHA,34200,,,,
I,0,I:javax/microedition/khronos/opengles/GL11.GL_OPERAND0_RGB,34192,,,,
I,0,I:javax/microedition/khronos/opengles/GL11.GL_OPERAND1_ALPHA,34201,,,,
I,0,I:javax/microedition/khronos/opengles/GL11.GL_OPERAND1_RGB,34193,,,,
I,0,I:javax/microedition/khronos/opengles/GL11.GL_OPERAND2_ALPHA,34202,,,,
I,0,I:javax/microedition/khronos/opengles/GL11.GL_OPERAND2_RGB,34194,,,,
I,0,I:javax/microedition/khronos/opengles/GL11.GL_POINT_DISTANCE_ATTENUATION,33065,,,,
I,0,I:javax/microedition/khronos/opengles/GL11.GL_POINT_FADE_THRESHOLD_SIZE,33064,,,,
I,0,I:javax/microedition/khronos/opengles/GL11.GL_POINT_SIZE,2833,,,,
I,0,I:javax/microedition/khronos/opengles/GL11.GL_POINT_SIZE_ARRAY_BUFFER_BINDING_OES,35743,,,,
I,0,I:javax/microedition/khronos/opengles/GL11.GL_POINT_SIZE_ARRAY_OES,35740,,,,
I,0,I:javax/microedition/khronos/opengles/GL11.GL_POINT_SIZE_ARRAY_POINTER_OES,35212,,,,
I,0,I:javax/microedition/khronos/opengles/GL11.GL_POINT_SIZE_ARRAY_STRIDE_OES,35211,,,,
I,0,I:javax/microedition/khronos/opengles/GL11.GL_POINT_SIZE_ARRAY_TYPE_OES,35210,,,,
I,0,I:javax/microedition/khronos/opengles/GL11.GL_POINT_SIZE_MAX,33063,,,,
I,0,I:javax/microedition/khronos/opengles/GL11.GL_POINT_SIZE_MIN,33062,,,,
I,0,I:javax/microedition/khronos/opengles/GL11.GL_POINT_SPRITE_OES,34913,,,,
I,0,I:javax/microedition/khronos/opengles/GL11.GL_POLYGON_OFFSET_FACTOR,32824,,,,
I,0,I:javax/microedition/khronos/opengles/GL11.GL_POLYGON_OFFSET_UNITS,10752,,,,
I,0,I:javax/microedition/khronos/opengles/GL11.GL_PREVIOUS,34168,,,,
I,0,I:javax/microedition/khronos/opengles/GL11.GL_PRIMARY_COLOR,34167,,,,
I,0,I:javax/microedition/khronos/opengles/GL11.GL_PROJECTION_MATRIX,2983,,,,
I,0,I:javax/microedition/khronos/opengles/GL11.GL_PROJECTION_MATRIX_FLOAT_AS_INT_BITS_OES,35214,,,,
I,0,I:javax/microedition/khronos/opengles/GL11.GL_PROJECTION_STACK_DEPTH,2980,,,,
I,0,I:javax/microedition/khronos/opengles/GL11.GL_RGB_SCALE,34163,,,,
I,0,I:javax/microedition/khronos/opengles/GL11.GL_SAMPLE_BUFFERS,32936,,,,
I,0,I:javax/microedition/khronos/opengles/GL11.GL_SAMPLE_COVERAGE_INVERT,32939,,,,
I,0,I:javax/microedition/khronos/opengles/GL11.GL_SAMPLE_COVERAGE_VALUE,32938,,,,
I,0,I:javax/microedition/khronos/opengles/GL11.GL_SAMPLES,32937,,,,
I,0,I:javax/microedition/khronos/opengles/GL11.GL_SCISSOR_BOX,3088,,,,
I,0,I:javax/microedition/khronos/opengles/GL11.GL_SHADE_MODEL,2900,,,,
I,0,I:javax/microedition/khronos/opengles/GL11.GL_SRC0_ALPHA,34184,,,,
I,0,I:javax/microedition/khronos/opengles/GL11.GL_SRC0_RGB,34176,,,,
I,0,I:javax/microedition/khronos/opengles/GL11.GL_SRC1_ALPHA,34185,,,,
I,0,I:javax/microedition/khronos/opengles/GL11.GL_SRC1_RGB,34177,,,,
I,0,I:javax/microedition/khronos/opengles/GL11.GL_SRC2_ALPHA,34186,,,,
I,0,I:javax/microedition/khronos/opengles/GL11.GL_SRC2_RGB,34178,,,,
I,0,I:javax/microedition/khronos/opengles/GL11.GL_STATIC_DRAW,35044,,,,
I,0,I:javax/microedition/khronos/opengles/GL11.GL_STENCIL_CLEAR_VALUE,2961,,,,
I,0,I:javax/microedition/khronos/opengles/GL11.GL_STENCIL_FAIL,2964,,,,
I,0,I:javax/microedition/khronos/opengles/GL11.GL_STENCIL_FUNC,2962,,,,
I,0,I:javax/microedition/khronos/opengles/GL11.GL_STENCIL_PASS_DEPTH_FAIL,2965,,,,
I,0,I:javax/microedition/khronos/opengles/GL11.GL_STENCIL_PASS_DEPTH_PASS,2966,,,,
I,0,I:javax/microedition/khronos/opengles/GL11.GL_STENCIL_REF,2967,,,,
I,0,I:javax/microedition/khronos/opengles/GL11.GL_STENCIL_VALUE_MASK,2963,,,,
I,0,I:javax/microedition/khronos/opengles/GL11.GL_STENCIL_WRITEMASK,2968,,,,
I,0,I:javax/microedition/khronos/opengles/GL11.GL_SUBTRACT,34023,,,,
I,0,I:javax/microedition/khronos/opengles/GL11.GL_TEXTURE_BINDING_2D,32873,,,,
I,0,I:javax/microedition/khronos/opengles/GL11.GL_TEXTURE_COORD_ARRAY_BUFFER_BINDING,34970,,,,
I,0,I:javax/microedition/khronos/opengles/GL11.GL_TEXTURE_COORD_ARRAY_POINTER,32914,,,,
I,0,I:javax/microedition/khronos/opengles/GL11.GL_TEXTURE_COORD_ARRAY_SIZE,32904,,,,
I,0,I:javax/microedition/khronos/opengles/GL11.GL_TEXTURE_COORD_ARRAY_STRIDE,32906,,,,
I,0,I:javax/microedition/khronos/opengles/GL11.GL_TEXTURE_COORD_ARRAY_TYPE,32905,,,,
I,0,I:javax/microedition/khronos/opengles/GL11.GL_TEXTURE_MATRIX,2984,,,,
I,0,I:javax/microedition/khronos/opengles/GL11.GL_TEXTURE_MATRIX_FLOAT_AS_INT_BITS_OES,35215,,,,
I,0,I:javax/microedition/khronos/opengles/GL11.GL_TEXTURE_STACK_DEPTH,2981,,,,
I,0,I:javax/microedition/khronos/opengles/GL11.GL_VERTEX_ARRAY_BUFFER_BINDING,34966,,,,
I,0,I:javax/microedition/khronos/opengles/GL11.GL_VERTEX_ARRAY_POINTER,32910,,,,
I,0,I:javax/microedition/khronos/opengles/GL11.GL_VERTEX_ARRAY_SIZE,32890,,,,
I,0,I:javax/microedition/khronos/opengles/GL11.GL_VERTEX_ARRAY_STRIDE,32892,,,,
I,0,I:javax/microedition/khronos/opengles/GL11.GL_VERTEX_ARRAY_TYPE,32891,,,,
I,0,I:javax/microedition/khronos/opengles/GL11.GL_VIEWPORT,2978,,,,
I,0,I:javax/microedition/khronos/opengles/GL11.GL_WRITE_ONLY,35001,,,,
I,0,I:javax/microedition/khronos/opengles/GL11Ext.GL_MATRIX_INDEX_ARRAY_BUFFER_BINDING_OES,35742,,,,
I,0,I:javax/microedition/khronos/opengles/GL11Ext.GL_MATRIX_INDEX_ARRAY_OES,34884,,,,
I,0,I:javax/microedition/khronos/opengles/GL11Ext.GL_MATRIX_INDEX_ARRAY_POINTER_OES,34889,,,,
I,0,I:javax/microedition/khronos/opengles/GL11Ext.GL_MATRIX_INDEX_ARRAY_SIZE_OES,34886,,,,
I,0,I:javax/microedition/khronos/opengles/GL11Ext.GL_MATRIX_INDEX_ARRAY_STRIDE_OES,34888,,,,
I,0,I:javax/microedition/khronos/opengles/GL11Ext.GL_MATRIX_INDEX_ARRAY_TYPE_OES,34887,,,,
I,0,I:javax/microedition/khronos/opengles/GL11Ext.GL_MATRIX_PALETTE_OES,34880,,,,
I,0,I:javax/microedition/khronos/opengles/GL11Ext.GL_MAX_PALETTE_MATRICES_OES,34882,,,,
I,0,I:javax/microedition/khronos/opengles/GL11Ext.GL_MAX_VERTEX_UNITS_OES,34468,,,,
I,0,I:javax/microedition/khronos/opengles/GL11Ext.GL_TEXTURE_CROP_RECT_OES,35741,,,,
I,0,I:javax/microedition/khronos/opengles/GL11Ext.GL_WEIGHT_ARRAY_BUFFER_BINDING_OES,34974,,,,
I,0,I:javax/microedition/khronos/opengles/GL11Ext.GL_WEIGHT_ARRAY_OES,34477,,,,
I,0,I:javax/microedition/khronos/opengles/GL11Ext.GL_WEIGHT_ARRAY_POINTER_OES,34476,,,,
I,0,I:javax/microedition/khronos/opengles/GL11Ext.GL_WEIGHT_ARRAY_SIZE_OES,34475,,,,
I,0,I:javax/microedition/khronos/opengles/GL11Ext.GL_WEIGHT_ARRAY_STRIDE_OES,34474,,,,
I,0,I:javax/microedition/khronos/opengles/GL11Ext.GL_WEIGHT_ARRAY_TYPE_OES,34473,,,,
I,0,I:javax/microedition/khronos/opengles/GL11ExtensionPack.GL_BLEND_DST_ALPHA,32970,,,,
I,0,I:javax/microedition/khronos/opengles/GL11ExtensionPack.GL_BLEND_DST_RGB,32968,,,,
I,0,I:javax/microedition/khronos/opengles/GL11ExtensionPack.GL_BLEND_EQUATION,32777,,,,
I,0,I:javax/microedition/khronos/opengles/GL11ExtensionPack.GL_BLEND_EQUATION_ALPHA,34877,,,,
I,0,I:javax/microedition/khronos/opengles/GL11ExtensionPack.GL_BLEND_EQUATION_RGB,32777,,,,
I,0,I:javax/microedition/khronos/opengles/GL11ExtensionPack.GL_BLEND_SRC_ALPHA,32971,,,,
I,0,I:javax/microedition/khronos/opengles/GL11ExtensionPack.GL_BLEND_SRC_RGB,32969,,,,
I,0,I:javax/microedition/khronos/opengles/GL11ExtensionPack.GL_COLOR_ATTACHMENT0_OES,36064,,,,
I,0,I:javax/microedition/khronos/opengles/GL11ExtensionPack.GL_COLOR_ATTACHMENT1_OES,36065,,,,
I,0,I:javax/microedition/khronos/opengles/GL11ExtensionPack.GL_COLOR_ATTACHMENT10_OES,36074,,,,
I,0,I:javax/microedition/khronos/opengles/GL11ExtensionPack.GL_COLOR_ATTACHMENT11_OES,36075,,,,
I,0,I:javax/microedition/khronos/opengles/GL11ExtensionPack.GL_COLOR_ATTACHMENT12_OES,36076,,,,
I,0,I:javax/microedition/khronos/opengles/GL11ExtensionPack.GL_COLOR_ATTACHMENT13_OES,36077,,,,
I,0,I:javax/microedition/khronos/opengles/GL11ExtensionPack.GL_COLOR_ATTACHMENT14_OES,36078,,,,
I,0,I:javax/microedition/khronos/opengles/GL11ExtensionPack.GL_COLOR_ATTACHMENT15_OES,36079,,,,
I,0,I:javax/microedition/khronos/opengles/GL11ExtensionPack.GL_COLOR_ATTACHMENT2_OES,36066,,,,
I,0,I:javax/microedition/khronos/opengles/GL11ExtensionPack.GL_COLOR_ATTACHMENT3_OES,36067,,,,
I,0,I:javax/microedition/khronos/opengles/GL11ExtensionPack.GL_COLOR_ATTACHMENT4_OES,36068,,,,
I,0,I:javax/microedition/khronos/opengles/GL11ExtensionPack.GL_COLOR_ATTACHMENT5_OES,36069,,,,
I,0,I:javax/microedition/khronos/opengles/GL11ExtensionPack.GL_COLOR_ATTACHMENT6_OES,36070,,,,
I,0,I:javax/microedition/khronos/opengles/GL11ExtensionPack.GL_COLOR_ATTACHMENT7_OES,36071,,,,
I,0,I:javax/microedition/khronos/opengles/GL11ExtensionPack.GL_COLOR_ATTACHMENT8_OES,36072,,,,
I,0,I:javax/microedition/khronos/opengles/GL11ExtensionPack.GL_COLOR_ATTACHMENT9_OES,36073,,,,
I,0,I:javax/microedition/khronos/opengles/GL11ExtensionPack.GL_DECR_WRAP,34056,,,,
I,0,I:javax/microedition/khronos/opengles/GL11ExtensionPack.GL_DEPTH_ATTACHMENT_OES,36096,,,,
I,0,I:javax/microedition/khronos/opengles/GL11ExtensionPack.GL_DEPTH_COMPONENT,6402,,,,
I,0,I:javax/microedition/khronos/opengles/GL11ExtensionPack.GL_DEPTH_COMPONENT16,33189,,,,
I,0,I:javax/microedition/khronos/opengles/GL11ExtensionPack.GL_DEPTH_COMPONENT24,33190,,,,
I,0,I:javax/microedition/khronos/opengles/GL11ExtensionPack.GL_DEPTH_COMPONENT32,33191,,,,
I,0,I:javax/microedition/khronos/opengles/GL11ExtensionPack.GL_FRAMEBUFFER_ATTACHMENT_OBJECT_NAME_OES,36049,,,,
I,0,I:javax/microedition/khronos/opengles/GL11ExtensionPack.GL_FRAMEBUFFER_ATTACHMENT_OBJECT_TYPE_OES,36048,,,,
I,0,I:javax/microedition/khronos/opengles/GL11ExtensionPack.GL_FRAMEBUFFER_ATTACHMENT_TEXTURE_CUBE_MAP_FACE_OES,36051,,,,
I,0,I:javax/microedition/khronos/opengles/GL11ExtensionPack.GL_FRAMEBUFFER_ATTACHMENT_TEXTURE_LEVEL_OES,36050,,,,
I,0,I:javax/microedition/khronos/opengles/GL11ExtensionPack.GL_FRAMEBUFFER_BINDING_OES,36006,,,,
I,0,I:javax/microedition/khronos/opengles/GL11ExtensionPack.GL_FRAMEBUFFER_COMPLETE_OES,36053,,,,
I,0,I:javax/microedition/khronos/opengles/GL11ExtensionPack.GL_FRAMEBUFFER_INCOMPLETE_ATTACHMENT_OES,36054,,,,
I,0,I:javax/microedition/khronos/opengles/GL11ExtensionPack.GL_FRAMEBUFFER_INCOMPLETE_DIMENSIONS_OES,36057,,,,
I,0,I:javax/microedition/khronos/opengles/GL11ExtensionPack.GL_FRAMEBUFFER_INCOMPLETE_DRAW_BUFFER_OES,36059,,,,
I,0,I:javax/microedition/khronos/opengles/GL11ExtensionPack.GL_FRAMEBUFFER_INCOMPLETE_FORMATS_OES,36058,,,,
I,0,I:javax/microedition/khronos/opengles/GL11ExtensionPack.GL_FRAMEBUFFER_INCOMPLETE_MISSING_ATTACHMENT_OES,36055,,,,
I,0,I:javax/microedition/khronos/opengles/GL11ExtensionPack.GL_FRAMEBUFFER_INCOMPLETE_READ_BUFFER_OES,36060,,,,
I,0,I:javax/microedition/khronos/opengles/GL11ExtensionPack.GL_FRAMEBUFFER_OES,36160,,,,
I,0,I:javax/microedition/khronos/opengles/GL11ExtensionPack.GL_FRAMEBUFFER_UNSUPPORTED_OES,36061,,,,
I,0,I:javax/microedition/khronos/opengles/GL11ExtensionPack.GL_FUNC_ADD,32774,,,,
I,0,I:javax/microedition/khronos/opengles/GL11ExtensionPack.GL_FUNC_REVERSE_SUBTRACT,32779,,,,
I,0,I:javax/microedition/khronos/opengles/GL11ExtensionPack.GL_FUNC_SUBTRACT,32778,,,,
I,0,I:javax/microedition/khronos/opengles/GL11ExtensionPack.GL_INCR_WRAP,34055,,,,
I,0,I:javax/microedition/khronos/opengles/GL11ExtensionPack.GL_INVALID_FRAMEBUFFER_OPERATION_OES,1286,,,,
I,0,I:javax/microedition/khronos/opengles/GL11ExtensionPack.GL_MAX_COLOR_ATTACHMENTS_OES,36063,,,,
I,0,I:javax/microedition/khronos/opengles/GL11ExtensionPack.GL_MAX_CUBE_MAP_TEXTURE_SIZE,34076,,,,
I,0,I:javax/microedition/khronos/opengles/GL11ExtensionPack.GL_MAX_RENDERBUFFER_SIZE_OES,34024,,,,
I,0,I:javax/microedition/khronos/opengles/GL11ExtensionPack.GL_MIRRORED_REPEAT,33648,,,,
I,0,I:javax/microedition/khronos/opengles/GL11ExtensionPack.GL_NORMAL_MAP,34065,,,,
I,0,I:javax/microedition/khronos/opengles/GL11ExtensionPack.GL_REFLECTION_MAP,34066,,,,
I,0,I:javax/microedition/khronos/opengles/GL11ExtensionPack.GL_RENDERBUFFER_ALPHA_SIZE_OES,36179,,,,
I,0,I:javax/microedition/khronos/opengles/GL11ExtensionPack.GL_RENDERBUFFER_BINDING_OES,36007,,,,
I,0,I:javax/microedition/khronos/opengles/GL11ExtensionPack.GL_RENDERBUFFER_BLUE_SIZE_OES,36178,,,,
I,0,I:javax/microedition/khronos/opengles/GL11ExtensionPack.GL_RENDERBUFFER_DEPTH_SIZE_OES,36180,,,,
I,0,I:javax/microedition/khronos/opengles/GL11ExtensionPack.GL_RENDERBUFFER_GREEN_SIZE_OES,36177,,,,
I,0,I:javax/microedition/khronos/opengles/GL11ExtensionPack.GL_RENDERBUFFER_HEIGHT_OES,36163,,,,
I,0,I:javax/microedition/khronos/opengles/GL11ExtensionPack.GL_RENDERBUFFER_INTERNAL_FORMAT_OES,36164,,,,
I,0,I:javax/microedition/khronos/opengles/GL11ExtensionPack.GL_RENDERBUFFER_OES,36161,,,,
I,0,I:javax/microedition/khronos/opengles/GL11ExtensionPack.GL_RENDERBUFFER_RED_SIZE_OES,36176,,,,
I,0,I:javax/microedition/khronos/opengles/GL11ExtensionPack.GL_RENDERBUFFER_STENCIL_SIZE_OES,36181,,,,
I,0,I:javax/microedition/khronos/opengles/GL11ExtensionPack.GL_RENDERBUFFER_WIDTH_OES,36162,,,,
I,0,I:javax/microedition/khronos/opengles/GL11ExtensionPack.GL_RGB5_A1,32855,,,,
I,0,I:javax/microedition/khronos/opengles/GL11ExtensionPack.GL_RGB565_OES,36194,,,,
I,0,I:javax/microedition/khronos/opengles/GL11ExtensionPack.GL_RGB8,32849,,,,
I,0,I:javax/microedition/khronos/opengles/GL11ExtensionPack.GL_RGBA4,32854,,,,
I,0,I:javax/microedition/khronos/opengles/GL11ExtensionPack.GL_RGBA8,32856,,,,
I,0,I:javax/microedition/khronos/opengles/GL11ExtensionPack.GL_STENCIL_ATTACHMENT_OES,36128,,,,
I,0,I:javax/microedition/khronos/opengles/GL11ExtensionPack.GL_STENCIL_INDEX,6401,,,,
I,0,I:javax/microedition/khronos/opengles/GL11ExtensionPack.GL_STENCIL_INDEX1_OES,36166,,,,
I,0,I:javax/microedition/khronos/opengles/GL11ExtensionPack.GL_STENCIL_INDEX4_OES,36167,,,,
I,0,I:javax/microedition/khronos/opengles/GL11ExtensionPack.GL_STENCIL_INDEX8_OES,36168,,,,
I,0,I:javax/microedition/khronos/opengles/GL11ExtensionPack.GL_STR,-1,,,,
I,0,I:javax/microedition/khronos/opengles/GL11ExtensionPack.GL_TEXTURE_BINDING_CUBE_MAP,34068,,,,
I,0,I:javax/microedition/khronos/opengles/GL11ExtensionPack.GL_TEXTURE_CUBE_MAP,34067,,,,
I,0,I:javax/microedition/khronos/opengles/GL11ExtensionPack.GL_TEXTURE_CUBE_MAP_NEGATIVE_X,34070,,,,
I,0,I:javax/microedition/khronos/opengles/GL11ExtensionPack.GL_TEXTURE_CUBE_MAP_NEGATIVE_Y,34072,,,,
I,0,I:javax/microedition/khronos/opengles/GL11ExtensionPack.GL_TEXTURE_CUBE_MAP_NEGATIVE_Z,34074,,,,
I,0,I:javax/microedition/khronos/opengles/GL11ExtensionPack.GL_TEXTURE_CUBE_MAP_POSITIVE_X,34069,,,,
I,0,I:javax/microedition/khronos/opengles/GL11ExtensionPack.GL_TEXTURE_CUBE_MAP_POSITIVE_Y,34071,,,,
I,0,I:javax/microedition/khronos/opengles/GL11ExtensionPack.GL_TEXTURE_CUBE_MAP_POSITIVE_Z,34073,,,,
I,0,I:javax/microedition/khronos/opengles/GL11ExtensionPack.GL_TEXTURE_GEN_MODE,9472,,,,
I,0,I:javax/microedition/khronos/opengles/GL11ExtensionPack.GL_TEXTURE_GEN_STR,36192,,,,
I,0,I:org/apache/http/conn/routing/HttpRouteDirector.COMPLETE,0,,,,
I,0,I:org/apache/http/conn/routing/HttpRouteDirector.CONNECT_PROXY,2,,,,
I,0,I:org/apache/http/conn/routing/HttpRouteDirector.CONNECT_TARGET,1,,,,
I,0,I:org/apache/http/conn/routing/HttpRouteDirector.LAYER_PROTOCOL,5,,,,
I,0,I:org/apache/http/conn/routing/HttpRouteDirector.TUNNEL_PROXY,4,,,,
I,0,I:org/apache/http/conn/routing/HttpRouteDirector.TUNNEL_TARGET,3,,,,
I,0,I:org/apache/http/conn/routing/HttpRouteDirector.UNREACHABLE,-1,,,,
I,0,I:org/apache/http/entity/ContentLengthStrategy.CHUNKED,-2,,,,
I,0,I:org/apache/http/entity/ContentLengthStrategy.IDENTITY,-1,,,,
I,0,I:org/apache/http/HttpStatus.SC_ACCEPTED,202,,,,
I,0,I:org/apache/http/HttpStatus.SC_BAD_GATEWAY,502,,,,
I,0,I:org/apache/http/HttpStatus.SC_BAD_REQUEST,400,,,,
I,0,I:org/apache/http/HttpStatus.SC_CONFLICT,409,,,,
I,0,I:org/apache/http/HttpStatus.SC_CONTINUE,100,,,,
I,0,I:org/apache/http/HttpStatus.SC_CREATED,201,,,,
I,0,I:org/apache/http/HttpStatus.SC_EXPECTATION_FAILED,417,,,,
I,0,I:org/apache/http/HttpStatus.SC_FAILED_DEPENDENCY,424,,,,
I,0,I:org/apache/http/HttpStatus.SC_FORBIDDEN,403,,,,
I,0,I:org/apache/http/HttpStatus.SC_GATEWAY_TIMEOUT,504,,,,
I,0,I:org/apache/http/HttpStatus.SC_GONE,410,,,,
I,0,I:org/apache/http/HttpStatus.SC_HTTP_VERSION_NOT_SUPPORTED,505,,,,
I,0,I:org/apache/http/HttpStatus.SC_INSUFFICIENT_SPACE_ON_RESOURCE,419,,,,
I,0,I:org/apache/http/HttpStatus.SC_INSUFFICIENT_STORAGE,507,,,,
I,0,I:org/apache/http/HttpStatus.SC_INTERNAL_SERVER_ERROR,500,,,,
I,0,I:org/apache/http/HttpStatus.SC_LENGTH_REQUIRED,411,,,,
I,0,I:org/apache/http/HttpStatus.SC_LOCKED,423,,,,
I,0,I:org/apache/http/HttpStatus.SC_METHOD_FAILURE,420,,,,
I,0,I:org/apache/http/HttpStatus.SC_METHOD_NOT_ALLOWED,405,,,,
I,0,I:org/apache/http/HttpStatus.SC_MOVED_PERMANENTLY,301,,,,
I,0,I:org/apache/http/HttpStatus.SC_MOVED_TEMPORARILY,302,,,,
I,0,I:org/apache/http/HttpStatus.SC_MULTI_STATUS,207,,,,
I,0,I:org/apache/http/HttpStatus.SC_MULTIPLE_CHOICES,300,,,,
I,0,I:org/apache/http/HttpStatus.SC_NO_CONTENT,204,,,,
I,0,I:org/apache/http/HttpStatus.SC_NON_AUTHORITATIVE_INFORMATION,203,,,,
I,0,I:org/apache/http/HttpStatus.SC_NOT_ACCEPTABLE,406,,,,
I,0,I:org/apache/http/HttpStatus.SC_NOT_FOUND,404,,,,
I,0,I:org/apache/http/HttpStatus.SC_NOT_IMPLEMENTED,501,,,,
I,0,I:org/apache/http/HttpStatus.SC_NOT_MODIFIED,304,,,,
I,0,I:org/apache/http/HttpStatus.SC_OK,200,,,,
I,0,I:org/apache/http/HttpStatus.SC_PARTIAL_CONTENT,206,,,,
I,0,I:org/apache/http/HttpStatus.SC_PAYMENT_REQUIRED,402,,,,
I,0,I:org/apache/http/HttpStatus.SC_PRECONDITION_FAILED,412,,,,
I,0,I:org/apache/http/HttpStatus.SC_PROCESSING,102,,,,
I,0,I:org/apache/http/HttpStatus.SC_PROXY_AUTHENTICATION_REQUIRED,407,,,,
I,0,I:org/apache/http/HttpStatus.SC_REQUEST_TIMEOUT,408,,,,
I,0,I:org/apache/http/HttpStatus.SC_REQUEST_TOO_LONG,413,,,,
I,0,I:org/apache/http/HttpStatus.SC_REQUEST_URI_TOO_LONG,414,,,,
I,0,I:org/apache/http/HttpStatus.SC_REQUESTED_RANGE_NOT_SATISFIABLE,416,,,,
I,0,I:org/apache/http/HttpStatus.SC_RESET_CONTENT,205,,,,
I,0,I:org/apache/http/HttpStatus.SC_SEE_OTHER,303,,,,
I,0,I:org/apache/http/HttpStatus.SC_SERVICE_UNAVAILABLE,503,,,,
I,0,I:org/apache/http/HttpStatus.SC_SWITCHING_PROTOCOLS,101,,,,
I,0,I:org/apache/http/HttpStatus.SC_TEMPORARY_REDIRECT,307,,,,
I,0,I:org/apache/http/HttpStatus.SC_UNAUTHORIZED,401,,,,
I,0,I:org/apache/http/HttpStatus.SC_UNPROCESSABLE_ENTITY,422,,,,
I,0,I:org/apache/http/HttpStatus.SC_UNSUPPORTED_MEDIA_TYPE,415,,,,
I,0,I:org/apache/http/HttpStatus.SC_USE_PROXY,305,,,,
I,0,I:org/w3c/dom/TypeInfo.DERIVATION_EXTENSION,2,,,,
I,0,I:org/w3c/dom/TypeInfo.DERIVATION_LIST,8,,,,
I,0,I:org/w3c/dom/TypeInfo.DERIVATION_RESTRICTION,1,,,,
I,0,I:org/w3c/dom/TypeInfo.DERIVATION_UNION,4,,,,
E,10,I:org/xmlpull/v1/XmlPullParser.CDSECT,5,Org.XmlPull.V1.XmlPullParserNode,Cdsect,keep,
E,10,I:org/xmlpull/v1/XmlPullParser.COMMENT,9,Org.XmlPull.V1.XmlPullParserNode,Comment,keep,
E,10,I:org/xmlpull/v1/XmlPullParser.DOCDECL,10,Org.XmlPull.V1.XmlPullParserNode,Docdecl,keep,
E,10,I:org/xmlpull/v1/XmlPullParser.END_DOCUMENT,1,Org.XmlPull.V1.XmlPullParserNode,EndDocument,keep,
E,10,I:org/xmlpull/v1/XmlPullParser.END_TAG,3,Org.XmlPull.V1.XmlPullParserNode,EndTag,keep,
E,10,I:org/xmlpull/v1/XmlPullParser.ENTITY_REF,6,Org.XmlPull.V1.XmlPullParserNode,EntityRef,keep,
E,10,I:org/xmlpull/v1/XmlPullParser.IGNORABLE_WHITESPACE,7,Org.XmlPull.V1.XmlPullParserNode,IgnorableWhitespace,keep,
E,10,I:org/xmlpull/v1/XmlPullParser.PROCESSING_INSTRUCTION,8,Org.XmlPull.V1.XmlPullParserNode,ProcessingInstruction,keep,
E,10,I:org/xmlpull/v1/XmlPullParser.START_DOCUMENT,0,Org.XmlPull.V1.XmlPullParserNode,StartDocument,keep,
E,10,I:org/xmlpull/v1/XmlPullParser.START_TAG,2,Org.XmlPull.V1.XmlPullParserNode,StartTag,keep,
E,10,I:org/xmlpull/v1/XmlPullParser.TEXT,4,Org.XmlPull.V1.XmlPullParserNode,Text,keep,
E,10,java/awt/font/NumericShaper.ALL_RANGES,524287,Java.Awt.Font.Ranges,AllRanges,remove,
E,10,java/awt/font/NumericShaper.ARABIC,2,Java.Awt.Font.Ranges,Arabic,remove,
E,10,java/awt/font/NumericShaper.BENGALI,16,Java.Awt.Font.Ranges,Bengali,remove,
E,10,java/awt/font/NumericShaper.DEVANAGARI,8,Java.Awt.Font.Ranges,Devanagari,remove,
E,10,java/awt/font/NumericShaper.EASTERN_ARABIC,4,Java.Awt.Font.Ranges,EasternArabic,remove,
E,10,java/awt/font/NumericShaper.ETHIOPIC,65536,Java.Awt.Font.Ranges,Ethiopic,remove,
E,10,java/awt/font/NumericShaper.EUROPEAN,1,Java.Awt.Font.Ranges,European,remove,
E,10,java/awt/font/NumericShaper.GUJARATI,64,Java.Awt.Font.Ranges,Gujarati,remove,
E,10,java/awt/font/NumericShaper.GURMUKHI,32,Java.Awt.Font.Ranges,Gurmukhi,remove,
E,10,java/awt/font/NumericShaper.KANNADA,1024,Java.Awt.Font.Ranges,Kannada,remove,
E,10,java/awt/font/NumericShaper.KHMER,131072,Java.Awt.Font.Ranges,Khmer,remove,
E,10,java/awt/font/NumericShaper.LAO,8192,Java.Awt.Font.Ranges,Lao,remove,
E,10,java/awt/font/NumericShaper.MALAYALAM,2048,Java.Awt.Font.Ranges,Malayalam,remove,
E,10,java/awt/font/NumericShaper.MONGOLIAN,262144,Java.Awt.Font.Ranges,Mongolian,remove,
E,10,java/awt/font/NumericShaper.MYANMAR,32768,Java.Awt.Font.Ranges,Myanmar,remove,
E,10,java/awt/font/NumericShaper.ORIYA,128,Java.Awt.Font.Ranges,Oriya,remove,
E,10,java/awt/font/NumericShaper.TAMIL,256,Java.Awt.Font.Ranges,Tamil,remove,
E,10,java/awt/font/NumericShaper.TELUGU,512,Java.Awt.Font.Ranges,Telugu,remove,
E,10,java/awt/font/NumericShaper.THAI,4096,Java.Awt.Font.Ranges,Thai,remove,
E,10,java/awt/font/NumericShaper.TIBETAN,16384,Java.Awt.Font.Ranges,Tibetan,remove,
I,0,java/io/PipedInputStream.PIPE_SIZE,1024,,,,
E,10,java/io/StreamTokenizer.TT_EOF,-1,Java.IO.TokenType,Eof,remove,
E,10,java/io/StreamTokenizer.TT_EOL,10,Java.IO.TokenType,Eol,remove,
E,10,java/io/StreamTokenizer.TT_NUMBER,-2,Java.IO.TokenType,Number,remove,
E,10,java/io/StreamTokenizer.TT_WORD,-3,Java.IO.TokenType,Word,remove,
I,24,java/lang/Byte.BYTES,1,,,,
I,0,java/lang/Byte.SIZE,8,,,,
I,24,java/lang/Character.BYTES,2,,,,
I,0,java/lang/Character.MAX_CODE_POINT,1114111,,,,
I,0,java/lang/Character.MAX_RADIX,36,,,,
I,0,java/lang/Character.MIN_CODE_POINT,0,,,,
I,0,java/lang/Character.MIN_RADIX,2,,,,
I,0,java/lang/Character.MIN_SUPPLEMENTARY_CODE_POINT,65536,,,,
I,0,java/lang/Character.SIZE,16,,,,
I,24,java/lang/Double.BYTES,8,,,,
I,0,java/lang/Double.MAX_EXPONENT,1023,,,,
I,0,java/lang/Double.MIN_EXPONENT,-1022,,,,
I,0,java/lang/Double.SIZE,64,,,,
I,24,java/lang/Float.BYTES,4,,,,
I,0,java/lang/Float.MAX_EXPONENT,127,,,,
I,0,java/lang/Float.MIN_EXPONENT,-126,,,,
I,0,java/lang/Float.SIZE,32,,,,
I,24,java/lang/Integer.BYTES,4,,,,
I,0,java/lang/Integer.MAX_VALUE,2147483647,,,,
I,0,java/lang/Integer.MIN_VALUE,-2147483648,,,,
I,0,java/lang/Integer.SIZE,32,,,,
E,26,java/lang/invoke/MethodHandles$Lookup.PACKAGE,8,Java.Lang.Invoke.MethodLookupModes,Package,remove,
E,26,java/lang/invoke/MethodHandles$Lookup.PRIVATE,2,Java.Lang.Invoke.MethodLookupModes,Private,remove,
E,26,java/lang/invoke/MethodHandles$Lookup.PROTECTED,4,Java.Lang.Invoke.MethodLookupModes,Protected,remove,
E,26,java/lang/invoke/MethodHandles$Lookup.PUBLIC,1,Java.Lang.Invoke.MethodLookupModes,Public,remove,
I,24,java/lang/Long.BYTES,8,,,,
I,0,java/lang/Long.SIZE,64,,,,
I,0,java/lang/reflect/Modifier.ABSTRACT,1024,,,,
I,0,java/lang/reflect/Modifier.FINAL,16,,,,
I,0,java/lang/reflect/Modifier.INTERFACE,512,,,,
I,0,java/lang/reflect/Modifier.NATIVE,256,,,,
I,0,java/lang/reflect/Modifier.PRIVATE,2,,,,
I,0,java/lang/reflect/Modifier.PROTECTED,4,,,,
I,0,java/lang/reflect/Modifier.PUBLIC,1,,,,
I,0,java/lang/reflect/Modifier.STATIC,8,,,,
I,0,java/lang/reflect/Modifier.STRICT,2048,,,,
I,0,java/lang/reflect/Modifier.SYNCHRONIZED,32,,,,
I,0,java/lang/reflect/Modifier.TRANSIENT,128,,,,
I,0,java/lang/reflect/Modifier.VOLATILE,64,,,,
I,24,java/lang/Short.BYTES,2,,,,
I,0,java/lang/Short.SIZE,16,,,,
I,0,java/lang/Thread.MAX_PRIORITY,10,,,,
I,0,java/lang/Thread.MIN_PRIORITY,1,,,,
I,0,java/lang/Thread.NORM_PRIORITY,5,,,,
E,10,java/math/BigDecimal.ROUND_CEILING,2,Java.Math.RoundOptions,Ceiling,remove,
E,10,java/math/BigDecimal.ROUND_DOWN,1,Java.Math.RoundOptions,Down,remove,
E,10,java/math/BigDecimal.ROUND_FLOOR,3,Java.Math.RoundOptions,Floor,remove,
E,10,java/math/BigDecimal.ROUND_HALF_DOWN,5,Java.Math.RoundOptions,HalfDown,remove,
E,10,java/math/BigDecimal.ROUND_HALF_EVEN,6,Java.Math.RoundOptions,HalfEven,remove,
E,10,java/math/BigDecimal.ROUND_HALF_UP,4,Java.Math.RoundOptions,HalfUp,remove,
E,10,java/math/BigDecimal.ROUND_UNNECESSARY,7,Java.Math.RoundOptions,Unnecessary,remove,
E,10,java/math/BigDecimal.ROUND_UP,0,Java.Math.RoundOptions,Up,remove,
E,10,java/net/HttpURLConnection.HTTP_ACCEPTED,202,Java.Net.HttpStatus,Accepted,remove,
E,10,java/net/HttpURLConnection.HTTP_BAD_GATEWAY,502,Java.Net.HttpStatus,BadGateway,remove,
E,10,java/net/HttpURLConnection.HTTP_BAD_METHOD,405,Java.Net.HttpStatus,BadMethod,remove,
E,10,java/net/HttpURLConnection.HTTP_BAD_REQUEST,400,Java.Net.HttpStatus,BadRequest,remove,
E,10,java/net/HttpURLConnection.HTTP_CLIENT_TIMEOUT,408,Java.Net.HttpStatus,ClientTimeout,remove,
E,10,java/net/HttpURLConnection.HTTP_CONFLICT,409,Java.Net.HttpStatus,Conflict,remove,
E,10,java/net/HttpURLConnection.HTTP_CREATED,201,Java.Net.HttpStatus,Created,remove,
E,10,java/net/HttpURLConnection.HTTP_ENTITY_TOO_LARGE,413,Java.Net.HttpStatus,EntityTooLarge,remove,
E,10,java/net/HttpURLConnection.HTTP_FORBIDDEN,403,Java.Net.HttpStatus,Forbidden,remove,
E,10,java/net/HttpURLConnection.HTTP_GATEWAY_TIMEOUT,504,Java.Net.HttpStatus,GatewayTimeout,remove,
E,10,java/net/HttpURLConnection.HTTP_GONE,410,Java.Net.HttpStatus,Gone,remove,
E,10,java/net/HttpURLConnection.HTTP_INTERNAL_ERROR,500,Java.Net.HttpStatus,InternalError,remove,
E,10,java/net/HttpURLConnection.HTTP_LENGTH_REQUIRED,411,Java.Net.HttpStatus,LengthRequired,remove,
E,10,java/net/HttpURLConnection.HTTP_MOVED_PERM,301,Java.Net.HttpStatus,MovedPerm,remove,
E,10,java/net/HttpURLConnection.HTTP_MOVED_TEMP,302,Java.Net.HttpStatus,MovedTemp,remove,
E,10,java/net/HttpURLConnection.HTTP_MULT_CHOICE,300,Java.Net.HttpStatus,MultChoice,remove,
E,10,java/net/HttpURLConnection.HTTP_NO_CONTENT,204,Java.Net.HttpStatus,NoContent,remove,
E,10,java/net/HttpURLConnection.HTTP_NOT_ACCEPTABLE,406,Java.Net.HttpStatus,NotAcceptable,remove,
E,10,java/net/HttpURLConnection.HTTP_NOT_AUTHORITATIVE,203,Java.Net.HttpStatus,NotAuthoritative,remove,
E,10,java/net/HttpURLConnection.HTTP_NOT_FOUND,404,Java.Net.HttpStatus,NotFound,remove,
E,10,java/net/HttpURLConnection.HTTP_NOT_IMPLEMENTED,501,Java.Net.HttpStatus,NotImplemented,remove,
E,10,java/net/HttpURLConnection.HTTP_NOT_MODIFIED,304,Java.Net.HttpStatus,NotModified,remove,
E,10,java/net/HttpURLConnection.HTTP_OK,200,Java.Net.HttpStatus,Ok,remove,
E,10,java/net/HttpURLConnection.HTTP_PARTIAL,206,Java.Net.HttpStatus,Partial,remove,
E,10,java/net/HttpURLConnection.HTTP_PAYMENT_REQUIRED,402,Java.Net.HttpStatus,PaymentRequired,remove,
E,10,java/net/HttpURLConnection.HTTP_PRECON_FAILED,412,Java.Net.HttpStatus,PreconFailed,remove,
E,10,java/net/HttpURLConnection.HTTP_PROXY_AUTH,407,Java.Net.HttpStatus,ProxyAuth,remove,
E,10,java/net/HttpURLConnection.HTTP_REQ_TOO_LONG,414,Java.Net.HttpStatus,ReqTooLong,remove,
E,10,java/net/HttpURLConnection.HTTP_RESET,205,Java.Net.HttpStatus,Reset,remove,
E,10,java/net/HttpURLConnection.HTTP_SEE_OTHER,303,Java.Net.HttpStatus,SeeOther,remove,
E,10,java/net/HttpURLConnection.HTTP_SERVER_ERROR,500,Java.Net.HttpStatus,ServerError,remove,
E,10,java/net/HttpURLConnection.HTTP_UNAUTHORIZED,401,Java.Net.HttpStatus,Unauthorized,remove,
E,10,java/net/HttpURLConnection.HTTP_UNAVAILABLE,503,Java.Net.HttpStatus,Unavailable,remove,
E,10,java/net/HttpURLConnection.HTTP_UNSUPPORTED_TYPE,415,Java.Net.HttpStatus,UnsupportedType,remove,
E,10,java/net/HttpURLConnection.HTTP_USE_PROXY,305,Java.Net.HttpStatus,UseProxy,remove,
E,10,java/net/HttpURLConnection.HTTP_VERSION,505,Java.Net.HttpStatus,Version,remove,
A,0,,0,Java.Net.IDNFlags,None,remove,flags
E,10,java/net/IDN.ALLOW_UNASSIGNED,1,Java.Net.IDNFlags,AllowUnassigned,remove,flags
E,10,java/net/IDN.USE_STD3_ASCII_RULES,2,Java.Net.IDNFlags,UseStd3AsciiRules,remove,flags
A,0,,0,Java.Nio.Channels.Operations,None,remove,
E,10,java/nio/channels/SelectionKey.OP_ACCEPT,16,Java.Nio.Channels.Operations,Accept,remove,
E,10,java/nio/channels/SelectionKey.OP_CONNECT,8,Java.Nio.Channels.Operations,Connect,remove,
E,10,java/nio/channels/SelectionKey.OP_READ,1,Java.Nio.Channels.Operations,Read,remove,
E,10,java/nio/channels/SelectionKey.OP_WRITE,4,Java.Nio.Channels.Operations,Write,remove,
E,10,java/security/Signature.SIGN,2,Java.Security.SignatureState,Sign,remove,
E,10,java/security/Signature.UNINITIALIZED,0,Java.Security.SignatureState,Uninitialized,remove,
E,10,java/security/Signature.VERIFY,3,Java.Security.SignatureState,Verify,remove,
I,0,java/sql/Types.ARRAY,2003,,,,
I,0,java/sql/Types.BIGINT,-5,,,,
I,0,java/sql/Types.BINARY,-2,,,,
I,0,java/sql/Types.BIT,-7,,,,
I,0,java/sql/Types.BLOB,2004,,,,
I,0,java/sql/Types.BOOLEAN,16,,,,
I,0,java/sql/Types.CHAR,1,,,,
I,0,java/sql/Types.CLOB,2005,,,,
I,0,java/sql/Types.DATALINK,70,,,,
I,0,java/sql/Types.DATE,91,,,,
I,0,java/sql/Types.DECIMAL,3,,,,
I,0,java/sql/Types.DISTINCT,2001,,,,
I,0,java/sql/Types.DOUBLE,8,,,,
I,0,java/sql/Types.FLOAT,6,,,,
I,0,java/sql/Types.INTEGER,4,,,,
I,0,java/sql/Types.JAVA_OBJECT,2000,,,,
I,0,java/sql/Types.LONGNVARCHAR,-16,,,,
I,0,java/sql/Types.LONGVARBINARY,-4,,,,
I,0,java/sql/Types.LONGVARCHAR,-1,,,,
I,0,java/sql/Types.NCHAR,-15,,,,
I,0,java/sql/Types.NCLOB,2011,,,,
I,0,java/sql/Types.NULL,0,,,,
I,0,java/sql/Types.NUMERIC,2,,,,
I,0,java/sql/Types.NVARCHAR,-9,,,,
I,0,java/sql/Types.OTHER,1111,,,,
I,0,java/sql/Types.REAL,7,,,,
I,0,java/sql/Types.REF,2006,,,,
I,0,java/sql/Types.ROWID,-8,,,,
I,0,java/sql/Types.SMALLINT,5,,,,
I,0,java/sql/Types.SQLXML,2009,,,,
I,0,java/sql/Types.STRUCT,2002,,,,
I,0,java/sql/Types.TIME,92,,,,
I,0,java/sql/Types.TIMESTAMP,93,,,,
I,0,java/sql/Types.TINYINT,-6,,,,
I,0,java/sql/Types.VARBINARY,-3,,,,
I,0,java/sql/Types.VARCHAR,12,,,,
I,0,java/text/Bidi.DIRECTION_DEFAULT_LEFT_TO_RIGHT,-2,,,,
I,0,java/text/Bidi.DIRECTION_DEFAULT_RIGHT_TO_LEFT,-1,,,,
I,0,java/text/Bidi.DIRECTION_LEFT_TO_RIGHT,0,,,,
I,0,java/text/Bidi.DIRECTION_RIGHT_TO_LEFT,1,,,,
I,0,java/text/BreakIterator.DONE,-1,,,,
I,0,java/text/CollationElementIterator.NULLORDER,-1,,,,
I,0,java/text/Collator.CANONICAL_DECOMPOSITION,1,,,,
I,0,java/text/Collator.FULL_DECOMPOSITION,2,,,,
I,0,java/text/Collator.IDENTICAL,3,,,,
I,0,java/text/Collator.NO_DECOMPOSITION,0,,,,
I,0,java/text/Collator.PRIMARY,0,,,,
I,0,java/text/Collator.SECONDARY,1,,,,
I,0,java/text/Collator.TERTIARY,2,,,,
I,0,java/text/DateFormat.AM_PM_FIELD,14,,,,
I,0,java/text/DateFormat.DATE_FIELD,3,,,,
I,0,java/text/DateFormat.DAY_OF_WEEK_FIELD,9,,,,
I,0,java/text/DateFormat.DAY_OF_WEEK_IN_MONTH_FIELD,11,,,,
I,0,java/text/DateFormat.DAY_OF_YEAR_FIELD,10,,,,
I,0,java/text/DateFormat.DEFAULT,2,,,,
I,0,java/text/DateFormat.ERA_FIELD,0,,,,
I,0,java/text/DateFormat.FULL,0,,,,
I,0,java/text/DateFormat.HOUR_OF_DAY0_FIELD,5,,,,
I,0,java/text/DateFormat.HOUR_OF_DAY1_FIELD,4,,,,
I,0,java/text/DateFormat.HOUR0_FIELD,16,,,,
I,0,java/text/DateFormat.HOUR1_FIELD,15,,,,
I,0,java/text/DateFormat.LONG,1,,,,
I,0,java/text/DateFormat.MEDIUM,2,,,,
I,0,java/text/DateFormat.MILLISECOND_FIELD,8,,,,
I,0,java/text/DateFormat.MINUTE_FIELD,6,,,,
I,0,java/text/DateFormat.MONTH_FIELD,2,,,,
I,0,java/text/DateFormat.SECOND_FIELD,7,,,,
I,0,java/text/DateFormat.SHORT,3,,,,
I,0,java/text/DateFormat.TIMEZONE_FIELD,17,,,,
I,0,java/text/DateFormat.WEEK_OF_MONTH_FIELD,13,,,,
I,0,java/text/DateFormat.WEEK_OF_YEAR_FIELD,12,,,,
I,0,java/text/DateFormat.YEAR_FIELD,1,,,,
I,0,java/text/NumberFormat.FRACTION_FIELD,1,,,,
I,0,java/text/NumberFormat.INTEGER_FIELD,0,,,,
I,26,java/time/Year.MAX_VALUE,999999999,,,,
I,26,java/time/Year.MIN_VALUE,-999999999,,,,
E,10,java/util/Calendar.ALL_STYLES,0,Java.Util.CalendarStyle,AllStyles,remove,
I,0,java/util/Calendar.AM,0,,,,
E,10,java/util/Calendar.AM_PM,9,Java.Util.CalendarField,AmPm,remove,
I,0,java/util/Calendar.APRIL,3,,,,
I,0,java/util/Calendar.AUGUST,7,,,,
E,10,java/util/Calendar.DATE,5,Java.Util.CalendarField,Date,remove,
E,10,java/util/Calendar.DAY_OF_MONTH,5,Java.Util.CalendarField,DayOfMonth,remove,
E,10,java/util/Calendar.DAY_OF_WEEK,7,Java.Util.CalendarField,DayOfWeek,remove,
E,10,java/util/Calendar.DAY_OF_WEEK_IN_MONTH,8,Java.Util.CalendarField,DayOfWeekInMonth,remove,
E,10,java/util/Calendar.DAY_OF_YEAR,6,Java.Util.CalendarField,DayOfYear,remove,
I,0,java/util/Calendar.DECEMBER,11,,,,
E,10,java/util/Calendar.DST_OFFSET,16,Java.Util.CalendarField,DstOffset,remove,
E,10,java/util/Calendar.ERA,0,Java.Util.CalendarField,Era,remove,
I,0,java/util/Calendar.FEBRUARY,1,,,,
I,0,java/util/Calendar.FIELD_COUNT,17,,,,
I,0,java/util/Calendar.FRIDAY,6,,,,
E,10,java/util/Calendar.HOUR,10,Java.Util.CalendarField,Hour,remove,
E,10,java/util/Calendar.HOUR_OF_DAY,11,Java.Util.CalendarField,HourOfDay,remove,
I,0,java/util/Calendar.JANUARY,0,,,,
I,0,java/util/Calendar.JULY,6,,,,
I,0,java/util/Calendar.JUNE,5,,,,
E,10,java/util/Calendar.LONG,2,Java.Util.CalendarStyle,Long,remove,
I,26,java/util/Calendar.LONG_FORMAT,2,,,,
I,26,java/util/Calendar.LONG_STANDALONE,32770,,,,
I,0,java/util/Calendar.MARCH,2,,,,
I,0,java/util/Calendar.MAY,4,,,,
E,10,java/util/Calendar.MILLISECOND,14,Java.Util.CalendarField,Millisecond,remove,
E,10,java/util/Calendar.MINUTE,12,Java.Util.CalendarField,Minute,remove,
I,0,java/util/Calendar.MONDAY,2,,,,
E,10,java/util/Calendar.MONTH,2,Java.Util.CalendarField,Month,remove,
I,26,java/util/Calendar.NARROW_FORMAT,4,,,,
I,26,java/util/Calendar.NARROW_STANDALONE,32772,,,,
I,0,java/util/Calendar.NOVEMBER,10,,,,
I,0,java/util/Calendar.OCTOBER,9,,,,
I,0,java/util/Calendar.PM,1,,,,
I,0,java/util/Calendar.SATURDAY,7,,,,
E,10,java/util/Calendar.SECOND,13,Java.Util.CalendarField,Second,remove,
I,0,java/util/Calendar.SEPTEMBER,8,,,,
E,10,java/util/Calendar.SHORT,1,Java.Util.CalendarStyle,Short,remove,
I,26,java/util/Calendar.SHORT_FORMAT,1,,,,
I,26,java/util/Calendar.SHORT_STANDALONE,32769,,,,
I,0,java/util/Calendar.SUNDAY,1,,,,
I,0,java/util/Calendar.THURSDAY,5,,,,
I,0,java/util/Calendar.TUESDAY,3,,,,
I,0,java/util/Calendar.UNDECIMBER,12,,,,
I,0,java/util/Calendar.WEDNESDAY,4,,,,
E,10,java/util/Calendar.WEEK_OF_MONTH,4,Java.Util.CalendarField,WeekOfMonth,remove,
E,10,java/util/Calendar.WEEK_OF_YEAR,3,Java.Util.CalendarField,WeekOfYear,remove,
E,10,java/util/Calendar.YEAR,1,Java.Util.CalendarField,Year,remove,
E,10,java/util/Calendar.ZONE_OFFSET,15,Java.Util.CalendarField,ZoneOffset,remove,
E,10,java/util/FormattableFlags.ALTERNATE,4,Java.Util.FormatFlags,Alternate,remove,flags
E,10,java/util/FormattableFlags.LEFT_JUSTIFY,1,Java.Util.FormatFlags,LeftJustify,remove,flags
E,10,java/util/FormattableFlags.UPPERCASE,2,Java.Util.FormatFlags,Uppercase,remove,flags
I,0,java/util/GregorianCalendar.AD,1,,,,
I,0,java/util/GregorianCalendar.BC,0,,,,
I,29,java/util/jar/JarEntry.CENATT,36,,,,
I,29,java/util/jar/JarEntry.CENATX,38,,,,
I,29,java/util/jar/JarEntry.CENCOM,32,,,,
I,29,java/util/jar/JarEntry.CENCRC,16,,,,
I,29,java/util/jar/JarEntry.CENDSK,34,,,,
I,29,java/util/jar/JarEntry.CENEXT,30,,,,
I,29,java/util/jar/JarEntry.CENFLG,8,,,,
I,29,java/util/jar/JarEntry.CENHDR,46,,,,
I,29,java/util/jar/JarEntry.CENHOW,10,,,,
I,29,java/util/jar/JarEntry.CENLEN,24,,,,
I,29,java/util/jar/JarEntry.CENNAM,28,,,,
I,29,java/util/jar/JarEntry.CENOFF,42,,,,
I,29,java/util/jar/JarEntry.CENSIZ,20,,,,
I,29,java/util/jar/JarEntry.CENTIM,12,,,,
I,29,java/util/jar/JarEntry.CENVEM,4,,,,
I,29,java/util/jar/JarEntry.CENVER,6,,,,
I,29,java/util/jar/JarEntry.ENDCOM,20,,,,
I,29,java/util/jar/JarEntry.ENDHDR,22,,,,
I,29,java/util/jar/JarEntry.ENDOFF,16,,,,
I,29,java/util/jar/JarEntry.ENDSIZ,12,,,,
I,29,java/util/jar/JarEntry.ENDSUB,8,,,,
I,29,java/util/jar/JarEntry.ENDTOT,10,,,,
I,29,java/util/jar/JarEntry.EXTCRC,4,,,,
I,29,java/util/jar/JarEntry.EXTHDR,16,,,,
I,29,java/util/jar/JarEntry.EXTLEN,12,,,,
I,29,java/util/jar/JarEntry.EXTSIZ,8,,,,
I,29,java/util/jar/JarEntry.LOCCRC,14,,,,
I,29,java/util/jar/JarEntry.LOCEXT,28,,,,
I,29,java/util/jar/JarEntry.LOCFLG,6,,,,
I,29,java/util/jar/JarEntry.LOCHDR,30,,,,
I,29,java/util/jar/JarEntry.LOCHOW,8,,,,
I,29,java/util/jar/JarEntry.LOCLEN,22,,,,
I,29,java/util/jar/JarEntry.LOCNAM,26,,,,
I,29,java/util/jar/JarEntry.LOCSIZ,18,,,,
I,29,java/util/jar/JarEntry.LOCTIM,10,,,,
I,29,java/util/jar/JarEntry.LOCVER,4,,,,
I,29,java/util/jar/JarFile.CENATT,36,,,,
I,29,java/util/jar/JarFile.CENATX,38,,,,
I,29,java/util/jar/JarFile.CENCOM,32,,,,
I,29,java/util/jar/JarFile.CENCRC,16,,,,
I,29,java/util/jar/JarFile.CENDSK,34,,,,
I,29,java/util/jar/JarFile.CENEXT,30,,,,
I,29,java/util/jar/JarFile.CENFLG,8,,,,
I,29,java/util/jar/JarFile.CENHDR,46,,,,
I,29,java/util/jar/JarFile.CENHOW,10,,,,
I,29,java/util/jar/JarFile.CENLEN,24,,,,
I,29,java/util/jar/JarFile.CENNAM,28,,,,
I,29,java/util/jar/JarFile.CENOFF,42,,,,
I,29,java/util/jar/JarFile.CENSIZ,20,,,,
I,29,java/util/jar/JarFile.CENTIM,12,,,,
I,29,java/util/jar/JarFile.CENVEM,4,,,,
I,29,java/util/jar/JarFile.CENVER,6,,,,
I,29,java/util/jar/JarFile.ENDCOM,20,,,,
I,29,java/util/jar/JarFile.ENDHDR,22,,,,
I,29,java/util/jar/JarFile.ENDOFF,16,,,,
I,29,java/util/jar/JarFile.ENDSIZ,12,,,,
I,29,java/util/jar/JarFile.ENDSUB,8,,,,
I,29,java/util/jar/JarFile.ENDTOT,10,,,,
I,29,java/util/jar/JarFile.EXTCRC,4,,,,
I,29,java/util/jar/JarFile.EXTHDR,16,,,,
I,29,java/util/jar/JarFile.EXTLEN,12,,,,
I,29,java/util/jar/JarFile.EXTSIZ,8,,,,
I,29,java/util/jar/JarFile.LOCCRC,14,,,,
I,29,java/util/jar/JarFile.LOCEXT,28,,,,
I,29,java/util/jar/JarFile.LOCFLG,6,,,,
I,29,java/util/jar/JarFile.LOCHDR,30,,,,
I,29,java/util/jar/JarFile.LOCHOW,8,,,,
I,29,java/util/jar/JarFile.LOCLEN,22,,,,
I,29,java/util/jar/JarFile.LOCNAM,26,,,,
I,29,java/util/jar/JarFile.LOCSIZ,18,,,,
I,29,java/util/jar/JarFile.LOCTIM,10,,,,
I,29,java/util/jar/JarFile.LOCVER,4,,,,
I,29,java/util/jar/JarInputStream.CENATT,36,,,,
I,29,java/util/jar/JarInputStream.CENATX,38,,,,
I,29,java/util/jar/JarInputStream.CENCOM,32,,,,
I,29,java/util/jar/JarInputStream.CENCRC,16,,,,
I,29,java/util/jar/JarInputStream.CENDSK,34,,,,
I,29,java/util/jar/JarInputStream.CENEXT,30,,,,
I,29,java/util/jar/JarInputStream.CENFLG,8,,,,
I,29,java/util/jar/JarInputStream.CENHDR,46,,,,
I,29,java/util/jar/JarInputStream.CENHOW,10,,,,
I,29,java/util/jar/JarInputStream.CENLEN,24,,,,
I,29,java/util/jar/JarInputStream.CENNAM,28,,,,
I,29,java/util/jar/JarInputStream.CENOFF,42,,,,
I,29,java/util/jar/JarInputStream.CENSIZ,20,,,,
I,29,java/util/jar/JarInputStream.CENTIM,12,,,,
I,29,java/util/jar/JarInputStream.CENVEM,4,,,,
I,29,java/util/jar/JarInputStream.CENVER,6,,,,
I,29,java/util/jar/JarInputStream.ENDCOM,20,,,,
I,29,java/util/jar/JarInputStream.ENDHDR,22,,,,
I,29,java/util/jar/JarInputStream.ENDOFF,16,,,,
I,29,java/util/jar/JarInputStream.ENDSIZ,12,,,,
I,29,java/util/jar/JarInputStream.ENDSUB,8,,,,
I,29,java/util/jar/JarInputStream.ENDTOT,10,,,,
I,29,java/util/jar/JarInputStream.EXTCRC,4,,,,
I,29,java/util/jar/JarInputStream.EXTHDR,16,,,,
I,29,java/util/jar/JarInputStream.EXTLEN,12,,,,
I,29,java/util/jar/JarInputStream.EXTSIZ,8,,,,
I,29,java/util/jar/JarInputStream.LOCCRC,14,,,,
I,29,java/util/jar/JarInputStream.LOCEXT,28,,,,
I,29,java/util/jar/JarInputStream.LOCFLG,6,,,,
I,29,java/util/jar/JarInputStream.LOCHDR,30,,,,
I,29,java/util/jar/JarInputStream.LOCHOW,8,,,,
I,29,java/util/jar/JarInputStream.LOCLEN,22,,,,
I,29,java/util/jar/JarInputStream.LOCNAM,26,,,,
I,29,java/util/jar/JarInputStream.LOCSIZ,18,,,,
I,29,java/util/jar/JarInputStream.LOCTIM,10,,,,
I,29,java/util/jar/JarInputStream.LOCVER,4,,,,
I,29,java/util/jar/JarOutputStream.CENATT,36,,,,
I,29,java/util/jar/JarOutputStream.CENATX,38,,,,
I,29,java/util/jar/JarOutputStream.CENCOM,32,,,,
I,29,java/util/jar/JarOutputStream.CENCRC,16,,,,
I,29,java/util/jar/JarOutputStream.CENDSK,34,,,,
I,29,java/util/jar/JarOutputStream.CENEXT,30,,,,
I,29,java/util/jar/JarOutputStream.CENFLG,8,,,,
I,29,java/util/jar/JarOutputStream.CENHDR,46,,,,
I,29,java/util/jar/JarOutputStream.CENHOW,10,,,,
I,29,java/util/jar/JarOutputStream.CENLEN,24,,,,
I,29,java/util/jar/JarOutputStream.CENNAM,28,,,,
I,29,java/util/jar/JarOutputStream.CENOFF,42,,,,
I,29,java/util/jar/JarOutputStream.CENSIZ,20,,,,
I,29,java/util/jar/JarOutputStream.CENTIM,12,,,,
I,29,java/util/jar/JarOutputStream.CENVEM,4,,,,
I,29,java/util/jar/JarOutputStream.CENVER,6,,,,
I,29,java/util/jar/JarOutputStream.ENDCOM,20,,,,
I,29,java/util/jar/JarOutputStream.ENDHDR,22,,,,
I,29,java/util/jar/JarOutputStream.ENDOFF,16,,,,
I,29,java/util/jar/JarOutputStream.ENDSIZ,12,,,,
I,29,java/util/jar/JarOutputStream.ENDSUB,8,,,,
I,29,java/util/jar/JarOutputStream.ENDTOT,10,,,,
I,29,java/util/jar/JarOutputStream.EXTCRC,4,,,,
I,29,java/util/jar/JarOutputStream.EXTHDR,16,,,,
I,29,java/util/jar/JarOutputStream.EXTLEN,12,,,,
I,29,java/util/jar/JarOutputStream.EXTSIZ,8,,,,
I,29,java/util/jar/JarOutputStream.LOCCRC,14,,,,
I,29,java/util/jar/JarOutputStream.LOCEXT,28,,,,
I,29,java/util/jar/JarOutputStream.LOCFLG,6,,,,
I,29,java/util/jar/JarOutputStream.LOCHDR,30,,,,
I,29,java/util/jar/JarOutputStream.LOCHOW,8,,,,
I,29,java/util/jar/JarOutputStream.LOCLEN,22,,,,
I,29,java/util/jar/JarOutputStream.LOCNAM,26,,,,
I,29,java/util/jar/JarOutputStream.LOCSIZ,18,,,,
I,29,java/util/jar/JarOutputStream.LOCTIM,10,,,,
I,29,java/util/jar/JarOutputStream.LOCVER,4,,,,
I,0,java/util/logging/ErrorManager.CLOSE_FAILURE,3,,,,
I,0,java/util/logging/ErrorManager.FLUSH_FAILURE,2,,,,
I,0,java/util/logging/ErrorManager.FORMAT_FAILURE,5,,,,
I,0,java/util/logging/ErrorManager.GENERIC_FAILURE,0,,,,
I,0,java/util/logging/ErrorManager.OPEN_FAILURE,4,,,,
I,0,java/util/logging/ErrorManager.WRITE_FAILURE,1,,,,
I,0,java/util/prefs/Preferences.MAX_KEY_LENGTH,80,,,,
I,0,java/util/prefs/Preferences.MAX_NAME_LENGTH,80,,,,
I,0,java/util/prefs/Preferences.MAX_VALUE_LENGTH,8192,,,,
E,10,java/util/regex/Pattern.CANON_EQ,128,Java.Util.Regex.RegexOptions,CanonEq,remove,
E,10,java/util/regex/Pattern.CASE_INSENSITIVE,2,Java.Util.Regex.RegexOptions,CaseInsensitive,remove,
E,10,java/util/regex/Pattern.COMMENTS,4,Java.Util.Regex.RegexOptions,Comments,remove,
E,10,java/util/regex/Pattern.DOTALL,32,Java.Util.Regex.RegexOptions,Dotall,remove,
E,10,java/util/regex/Pattern.LITERAL,16,Java.Util.Regex.RegexOptions,Literal,remove,
E,10,java/util/regex/Pattern.MULTILINE,8,Java.Util.Regex.RegexOptions,Multiline,remove,
E,10,java/util/regex/Pattern.UNICODE_CASE,64,Java.Util.Regex.RegexOptions,UnicodeCase,remove,
E,24,java/util/regex/Pattern.UNICODE_CHARACTER_CLASS,256,Java.Util.Regex.RegexOptions,UnicodeCharacterClass,remove,
E,10,java/util/regex/Pattern.UNIX_LINES,1,Java.Util.Regex.RegexOptions,UnixLines,remove,
E,10,java/util/SimpleTimeZone.STANDARD_TIME,1,Java.Util.TimeZoneKind,StandardTime,remove,
E,10,java/util/SimpleTimeZone.UTC_TIME,2,Java.Util.TimeZoneKind,UtcTime,remove,
E,10,java/util/SimpleTimeZone.WALL_TIME,0,Java.Util.TimeZoneKind,WallTime,remove,
E,10,java/util/TimeZone.LONG,1,Java.Util.TimeZoneStyle,Long,remove,
E,10,java/util/TimeZone.SHORT,0,Java.Util.TimeZoneStyle,Short,remove,
I,0,java/util/zip/Deflater.BEST_COMPRESSION,9,,,,
I,0,java/util/zip/Deflater.BEST_SPEED,1,,,,
I,0,java/util/zip/Deflater.DEFAULT_COMPRESSION,-1,,,,
I,0,java/util/zip/Deflater.DEFAULT_STRATEGY,0,,,,
I,0,java/util/zip/Deflater.DEFLATED,8,,,,
I,0,java/util/zip/Deflater.FILTERED,1,,,,
I,19,java/util/zip/Deflater.FULL_FLUSH,3,,,,
I,0,java/util/zip/Deflater.HUFFMAN_ONLY,2,,,,
I,0,java/util/zip/Deflater.NO_COMPRESSION,0,,,,
I,19,java/util/zip/Deflater.NO_FLUSH,0,,,,
I,19,java/util/zip/Deflater.SYNC_FLUSH,2,,,,
I,0,java/util/zip/GZIPInputStream.GZIP_MAGIC,35615,,,,
I,21,java/util/zip/ZipEntry.CENATT,36,,,,
I,21,java/util/zip/ZipEntry.CENATX,38,,,,
I,21,java/util/zip/ZipEntry.CENCOM,32,,,,
I,21,java/util/zip/ZipEntry.CENCRC,16,,,,
I,21,java/util/zip/ZipEntry.CENDSK,34,,,,
I,21,java/util/zip/ZipEntry.CENEXT,30,,,,
I,21,java/util/zip/ZipEntry.CENFLG,8,,,,
I,21,java/util/zip/ZipEntry.CENHDR,46,,,,
I,21,java/util/zip/ZipEntry.CENHOW,10,,,,
I,21,java/util/zip/ZipEntry.CENLEN,24,,,,
I,21,java/util/zip/ZipEntry.CENNAM,28,,,,
I,21,java/util/zip/ZipEntry.CENOFF,42,,,,
I,21,java/util/zip/ZipEntry.CENSIZ,20,,,,
I,21,java/util/zip/ZipEntry.CENTIM,12,,,,
I,21,java/util/zip/ZipEntry.CENVEM,4,,,,
I,21,java/util/zip/ZipEntry.CENVER,6,,,,
I,0,java/util/zip/ZipEntry.DEFLATED,8,,,,
I,21,java/util/zip/ZipEntry.ENDCOM,20,,,,
I,21,java/util/zip/ZipEntry.ENDHDR,22,,,,
I,21,java/util/zip/ZipEntry.ENDOFF,16,,,,
I,21,java/util/zip/ZipEntry.ENDSIZ,12,,,,
I,21,java/util/zip/ZipEntry.ENDSUB,8,,,,
I,21,java/util/zip/ZipEntry.ENDTOT,10,,,,
I,21,java/util/zip/ZipEntry.EXTCRC,4,,,,
I,21,java/util/zip/ZipEntry.EXTHDR,16,,,,
I,21,java/util/zip/ZipEntry.EXTLEN,12,,,,
I,21,java/util/zip/ZipEntry.EXTSIZ,8,,,,
I,21,java/util/zip/ZipEntry.LOCCRC,14,,,,
I,21,java/util/zip/ZipEntry.LOCEXT,28,,,,
I,21,java/util/zip/ZipEntry.LOCFLG,6,,,,
I,21,java/util/zip/ZipEntry.LOCHDR,30,,,,
I,21,java/util/zip/ZipEntry.LOCHOW,8,,,,
I,21,java/util/zip/ZipEntry.LOCLEN,22,,,,
I,21,java/util/zip/ZipEntry.LOCNAM,26,,,,
I,21,java/util/zip/ZipEntry.LOCSIZ,18,,,,
I,21,java/util/zip/ZipEntry.LOCTIM,10,,,,
I,21,java/util/zip/ZipEntry.LOCVER,4,,,,
I,0,java/util/zip/ZipEntry.STORED,0,,,,
I,21,java/util/zip/ZipFile.CENATT,36,,,,
I,21,java/util/zip/ZipFile.CENATX,38,,,,
I,21,java/util/zip/ZipFile.CENCOM,32,,,,
I,21,java/util/zip/ZipFile.CENCRC,16,,,,
I,21,java/util/zip/ZipFile.CENDSK,34,,,,
I,21,java/util/zip/ZipFile.CENEXT,30,,,,
I,21,java/util/zip/ZipFile.CENFLG,8,,,,
I,21,java/util/zip/ZipFile.CENHDR,46,,,,
I,21,java/util/zip/ZipFile.CENHOW,10,,,,
I,21,java/util/zip/ZipFile.CENLEN,24,,,,
I,21,java/util/zip/ZipFile.CENNAM,28,,,,
I,21,java/util/zip/ZipFile.CENOFF,42,,,,
I,21,java/util/zip/ZipFile.CENSIZ,20,,,,
I,21,java/util/zip/ZipFile.CENTIM,12,,,,
I,21,java/util/zip/ZipFile.CENVEM,4,,,,
I,21,java/util/zip/ZipFile.CENVER,6,,,,
I,21,java/util/zip/ZipFile.ENDCOM,20,,,,
I,21,java/util/zip/ZipFile.ENDHDR,22,,,,
I,21,java/util/zip/ZipFile.ENDOFF,16,,,,
I,21,java/util/zip/ZipFile.ENDSIZ,12,,,,
I,21,java/util/zip/ZipFile.ENDSUB,8,,,,
I,21,java/util/zip/ZipFile.ENDTOT,10,,,,
I,21,java/util/zip/ZipFile.EXTCRC,4,,,,
I,21,java/util/zip/ZipFile.EXTHDR,16,,,,
I,21,java/util/zip/ZipFile.EXTLEN,12,,,,
I,21,java/util/zip/ZipFile.EXTSIZ,8,,,,
I,21,java/util/zip/ZipFile.LOCCRC,14,,,,
I,21,java/util/zip/ZipFile.LOCEXT,28,,,,
I,21,java/util/zip/ZipFile.LOCFLG,6,,,,
I,21,java/util/zip/ZipFile.LOCHDR,30,,,,
I,21,java/util/zip/ZipFile.LOCHOW,8,,,,
I,21,java/util/zip/ZipFile.LOCLEN,22,,,,
I,21,java/util/zip/ZipFile.LOCNAM,26,,,,
I,21,java/util/zip/ZipFile.LOCSIZ,18,,,,
I,21,java/util/zip/ZipFile.LOCTIM,10,,,,
I,21,java/util/zip/ZipFile.LOCVER,4,,,,
I,0,java/util/zip/ZipFile.OPEN_DELETE,4,,,,
I,0,java/util/zip/ZipFile.OPEN_READ,1,,,,
I,21,java/util/zip/ZipInputStream.CENATT,36,,,,
I,21,java/util/zip/ZipInputStream.CENATX,38,,,,
I,21,java/util/zip/ZipInputStream.CENCOM,32,,,,
I,21,java/util/zip/ZipInputStream.CENCRC,16,,,,
I,21,java/util/zip/ZipInputStream.CENDSK,34,,,,
I,21,java/util/zip/ZipInputStream.CENEXT,30,,,,
I,21,java/util/zip/ZipInputStream.CENFLG,8,,,,
I,21,java/util/zip/ZipInputStream.CENHDR,46,,,,
I,21,java/util/zip/ZipInputStream.CENHOW,10,,,,
I,21,java/util/zip/ZipInputStream.CENLEN,24,,,,
I,21,java/util/zip/ZipInputStream.CENNAM,28,,,,
I,21,java/util/zip/ZipInputStream.CENOFF,42,,,,
I,21,java/util/zip/ZipInputStream.CENSIZ,20,,,,
I,21,java/util/zip/ZipInputStream.CENTIM,12,,,,
I,21,java/util/zip/ZipInputStream.CENVEM,4,,,,
I,21,java/util/zip/ZipInputStream.CENVER,6,,,,
I,21,java/util/zip/ZipInputStream.ENDCOM,20,,,,
I,21,java/util/zip/ZipInputStream.ENDHDR,22,,,,
I,21,java/util/zip/ZipInputStream.ENDOFF,16,,,,
I,21,java/util/zip/ZipInputStream.ENDSIZ,12,,,,
I,21,java/util/zip/ZipInputStream.ENDSUB,8,,,,
I,21,java/util/zip/ZipInputStream.ENDTOT,10,,,,
I,21,java/util/zip/ZipInputStream.EXTCRC,4,,,,
I,21,java/util/zip/ZipInputStream.EXTHDR,16,,,,
I,21,java/util/zip/ZipInputStream.EXTLEN,12,,,,
I,21,java/util/zip/ZipInputStream.EXTSIZ,8,,,,
I,21,java/util/zip/ZipInputStream.LOCCRC,14,,,,
I,21,java/util/zip/ZipInputStream.LOCEXT,28,,,,
I,21,java/util/zip/ZipInputStream.LOCFLG,6,,,,
I,21,java/util/zip/ZipInputStream.LOCHDR,30,,,,
I,21,java/util/zip/ZipInputStream.LOCHOW,8,,,,
I,21,java/util/zip/ZipInputStream.LOCLEN,22,,,,
I,21,java/util/zip/ZipInputStream.LOCNAM,26,,,,
I,21,java/util/zip/ZipInputStream.LOCSIZ,18,,,,
I,21,java/util/zip/ZipInputStream.LOCTIM,10,,,,
I,21,java/util/zip/ZipInputStream.LOCVER,4,,,,
I,21,java/util/zip/ZipOutputStream.CENATT,36,,,,
I,21,java/util/zip/ZipOutputStream.CENATX,38,,,,
I,21,java/util/zip/ZipOutputStream.CENCOM,32,,,,
I,21,java/util/zip/ZipOutputStream.CENCRC,16,,,,
I,21,java/util/zip/ZipOutputStream.CENDSK,34,,,,
I,21,java/util/zip/ZipOutputStream.CENEXT,30,,,,
I,21,java/util/zip/ZipOutputStream.CENFLG,8,,,,
I,21,java/util/zip/ZipOutputStream.CENHDR,46,,,,
I,21,java/util/zip/ZipOutputStream.CENHOW,10,,,,
I,21,java/util/zip/ZipOutputStream.CENLEN,24,,,,
I,21,java/util/zip/ZipOutputStream.CENNAM,28,,,,
I,21,java/util/zip/ZipOutputStream.CENOFF,42,,,,
I,21,java/util/zip/ZipOutputStream.CENSIZ,20,,,,
I,21,java/util/zip/ZipOutputStream.CENTIM,12,,,,
I,21,java/util/zip/ZipOutputStream.CENVEM,4,,,,
I,21,java/util/zip/ZipOutputStream.CENVER,6,,,,
I,0,java/util/zip/ZipOutputStream.DEFLATED,8,,,,
I,21,java/util/zip/ZipOutputStream.ENDCOM,20,,,,
I,21,java/util/zip/ZipOutputStream.ENDHDR,22,,,,
I,21,java/util/zip/ZipOutputStream.ENDOFF,16,,,,
I,21,java/util/zip/ZipOutputStream.ENDSIZ,12,,,,
I,21,java/util/zip/ZipOutputStream.ENDSUB,8,,,,
I,21,java/util/zip/ZipOutputStream.ENDTOT,10,,,,
I,21,java/util/zip/ZipOutputStream.EXTCRC,4,,,,
I,21,java/util/zip/ZipOutputStream.EXTHDR,16,,,,
I,21,java/util/zip/ZipOutputStream.EXTLEN,12,,,,
I,21,java/util/zip/ZipOutputStream.EXTSIZ,8,,,,
I,21,java/util/zip/ZipOutputStream.LOCCRC,14,,,,
I,21,java/util/zip/ZipOutputStream.LOCEXT,28,,,,
I,21,java/util/zip/ZipOutputStream.LOCFLG,6,,,,
I,21,java/util/zip/ZipOutputStream.LOCHDR,30,,,,
I,21,java/util/zip/ZipOutputStream.LOCHOW,8,,,,
I,21,java/util/zip/ZipOutputStream.LOCLEN,22,,,,
I,21,java/util/zip/ZipOutputStream.LOCNAM,26,,,,
I,21,java/util/zip/ZipOutputStream.LOCSIZ,18,,,,
I,21,java/util/zip/ZipOutputStream.LOCTIM,10,,,,
I,21,java/util/zip/ZipOutputStream.LOCVER,4,,,,
I,0,java/util/zip/ZipOutputStream.STORED,0,,,,
E,10,javax/crypto/Cipher.DECRYPT_MODE,2,Javax.Crypto.CipherMode,DecryptMode,remove,
E,10,javax/crypto/Cipher.ENCRYPT_MODE,1,Javax.Crypto.CipherMode,EncryptMode,remove,
E,10,javax/crypto/Cipher.PRIVATE_KEY,2,Javax.Crypto.KeyType,PrivateKey,remove,
E,10,javax/crypto/Cipher.PUBLIC_KEY,1,Javax.Crypto.KeyType,PublicKey,remove,
E,10,javax/crypto/Cipher.SECRET_KEY,3,Javax.Crypto.KeyType,SecretKey,remove,
E,10,javax/crypto/Cipher.UNWRAP_MODE,4,Javax.Crypto.CipherMode,UnwrapMode,remove,
E,10,javax/crypto/Cipher.WRAP_MODE,3,Javax.Crypto.CipherMode,WrapMode,remove,
I,0,javax/crypto/spec/DESedeKeySpec.DES_EDE_KEY_LEN,24,,,,
I,0,javax/crypto/spec/DESKeySpec.DES_KEY_LEN,8,,,,
I,24,javax/net/ssl/StandardConstants.SNI_HOST_NAME,0,,,,
I,0,javax/xml/datatype/DatatypeConstants.APRIL,4,,,,
I,0,javax/xml/datatype/DatatypeConstants.AUGUST,8,,,,
I,0,javax/xml/datatype/DatatypeConstants.DECEMBER,12,,,,
I,0,javax/xml/datatype/DatatypeConstants.EQUAL,0,,,,
I,0,javax/xml/datatype/DatatypeConstants.FEBRUARY,2,,,,
I,0,javax/xml/datatype/DatatypeConstants.FIELD_UNDEFINED,-2147483648,,,,
I,0,javax/xml/datatype/DatatypeConstants.GREATER,1,,,,
I,0,javax/xml/datatype/DatatypeConstants.INDETERMINATE,2,,,,
I,0,javax/xml/datatype/DatatypeConstants.JANUARY,1,,,,
I,0,javax/xml/datatype/DatatypeConstants.JULY,7,,,,
I,0,javax/xml/datatype/DatatypeConstants.JUNE,6,,,,
I,0,javax/xml/datatype/DatatypeConstants.LESSER,-1,,,,
I,0,javax/xml/datatype/DatatypeConstants.MARCH,3,,,,
I,0,javax/xml/datatype/DatatypeConstants.MAX_TIMEZONE_OFFSET,-840,,,,
I,0,javax/xml/datatype/DatatypeConstants.MAY,5,,,,
I,0,javax/xml/datatype/DatatypeConstants.MIN_TIMEZONE_OFFSET,840,,,,
I,0,javax/xml/datatype/DatatypeConstants.NOVEMBER,11,,,,
I,0,javax/xml/datatype/DatatypeConstants.OCTOBER,10,,,,
I,0,javax/xml/datatype/DatatypeConstants.SEPTEMBER,9,,,,
I,0,org/apache/http/auth/AuthScope.ANY_PORT,-1,,,,
I,0,org/apache/http/conn/params/ConnManagerParams.DEFAULT_MAX_TOTAL_CONNECTIONS,20,,,,
I,0,org/apache/http/conn/params/ConnPerRouteBean.DEFAULT_MAX_CONNECTIONS_PER_ROUTE,2,,,,
I,0,org/apache/http/protocol/HTTP.CR,13,,,,
I,0,org/apache/http/protocol/HTTP.HT,9,,,,
I,0,org/apache/http/protocol/HTTP.LF,10,,,,
I,0,org/apache/http/protocol/HTTP.SP,32,,,,
I,0,org/apache/http/util/LangUtils.HASH_OFFSET,37,,,,
I,0,org/apache/http/util/LangUtils.HASH_SEED,17,,,,
